user_id,topic_id,relevance
1,13,0.4
1,35,0.5
1,29,0
1,34,0
1,20,0.7
1,8,0
2,13,0.1
2,35,0.1
2,29,1
2,34,0.2
2,20,0
2,8,0.7
3,13,0.7
3,35,0.3
3,29,0.8
3,34,0.4
3,20,0.2
3,8,1
4,13,0.5
4,35,0.5
4,29,1
4,34,0.9
4,20,0.9
4,8,0.8
5,13,0.3
5,35,0.2
5,29,0.2
5,34,0.1
5,20,0.5
5,8,0.6
6,13,0.8
6,35,0.3
6,29,0
6,34,0.3
6,20,0.6
6,8,0.1
7,13,0.7
7,35,0.3
7,29,1
7,34,0.5
7,20,0.3
7,8,0.8
8,13,0.4
8,35,0.5
8,29,0.1
8,34,0.5
8,20,0.7
8,8,0.1
9,13,0.5
9,35,0.2
9,29,0.5
9,34,0.2
9,20,0.2
9,8,1
10,13,0.9
10,35,1
10,29,0.5
10,34,0.7
10,20,0.3
10,8,0.4
11,13,0.9
11,35,0.4
11,29,1
11,34,0
11,20,0.1
11,8,0.2
12,13,0.6
12,35,0.8
12,29,0.9
12,34,0
12,20,0.6
12,8,0.6
13,13,0.9
13,35,0.2
13,29,0.2
13,34,0
13,20,0.5
13,8,0.7
14,13,0
14,35,0.7
14,29,0.4
14,34,0.3
14,20,0.7
14,8,0
15,13,1
15,35,0.2
15,29,0.1
15,34,0.4
15,20,0.5
15,8,0.9
16,13,0.9
16,35,0.5
16,29,0.1
16,34,0.1
16,20,0.2
16,8,0.8
17,13,0
17,35,0.5
17,29,0.3
17,34,0.7
17,20,0.4
17,8,0.2
18,13,0.3
18,35,0.5
18,29,0.6
18,34,0.1
18,20,0.5
18,8,0.6
19,13,0.5
19,35,0.7
19,29,1
19,34,0
19,20,0.6
19,8,0.5
20,13,0
20,35,0
20,29,0
20,34,0.9
20,20,0
20,8,0.4
21,13,0
21,35,0.2
21,29,1
21,34,1
21,20,0.8
21,8,0.5
22,13,0.2
22,35,0.2
22,29,0
22,34,0.9
22,20,0.2
22,8,0.4
23,13,0.1
23,35,0
23,29,0
23,34,0.6
23,20,0.2
23,8,0.5
24,13,0.9
24,35,0.1
24,29,0
24,34,0.5
24,20,0.8
24,8,0.7
25,13,0.9
25,35,0.7
25,29,0.1
25,34,1
25,20,0.1
25,8,0.7
26,13,0.8
26,35,0
26,29,0.8
26,34,0.5
26,20,0.8
26,8,0.4
27,13,0.8
27,35,0.8
27,29,0.3
27,34,0.8
27,20,1
27,8,0
28,13,0.4
28,35,0.1
28,29,0.2
28,34,0.9
28,20,0.7
28,8,0.1
29,13,0.8
29,35,0.8
29,29,0.4
29,34,0.7
29,20,0.2
29,8,0.8
30,13,1
30,35,0.2
30,29,0.1
30,34,0.1
30,20,0.9
30,8,0.1
31,13,0.9
31,35,1
31,29,0.6
31,34,0.7
31,20,0.1
31,8,0.7
32,13,0
32,35,0.4
32,29,0.2
32,34,0.1
32,20,0.4
32,8,0.9
33,13,0.4
33,35,0.6
33,29,0.6
33,34,0.2
33,20,0.1
33,8,0.5
34,13,0.7
34,35,0.1
34,29,0
34,34,0.6
34,20,0.4
34,8,0.8
35,13,0.7
35,35,0
35,29,0.9
35,34,0.8
35,20,0.1
35,8,0.9
36,13,0.8
36,35,0.6
36,29,0.1
36,34,0.5
36,20,0.6
36,8,0.5
37,13,0.1
37,35,1
37,29,0.6
37,34,0.7
37,20,0.7
37,8,0.6
38,13,0.6
38,35,0.9
38,29,0.2
38,34,0.8
38,20,0.5
38,8,0
39,13,0.2
39,35,0.2
39,29,0.5
39,34,0.3
39,20,1
39,8,0.8
40,13,0.4
40,35,1
40,29,0.3
40,34,0
40,20,0.8
40,8,0.8
41,13,0.2
41,35,0.8
41,29,0.1
41,34,0
41,20,1
41,8,0.7
42,13,0.7
42,35,0.9
42,29,0.9
42,34,0.2
42,20,0.4
42,8,0.7
43,13,0.9
43,35,0.8
43,29,0.9
43,34,1
43,20,0.9
43,8,0.7
44,13,0.4
44,35,1
44,29,0.3
44,34,0.1
44,20,0.9
44,8,1
45,13,0.7
45,35,0.5
45,29,0.1
45,34,0.4
45,20,1
45,8,1
46,13,0
46,35,1
46,29,1
46,34,0.6
46,20,0.1
46,8,0.3
47,13,0.8
47,35,0.1
47,29,0.1
47,34,0
47,20,0
47,8,0.5
48,13,0
48,35,0.3
48,29,0.1
48,34,0.4
48,20,0.9
48,8,0
49,13,0.1
49,35,0.2
49,29,0.5
49,34,0.5
49,20,0.8
49,8,0.5
50,13,0.3
50,35,0.9
50,29,0
50,34,0
50,20,0.8
50,8,0.1
51,13,0.8
51,35,0.7
51,29,0.9
51,34,0.5
51,20,0.6
51,8,0.3
52,13,0.9
52,35,0.2
52,29,0.4
52,34,0.2
52,20,0.6
52,8,1
53,13,0
53,35,0.7
53,29,1
53,34,0.3
53,20,0.9
53,8,0
54,13,0.5
54,35,0.4
54,29,0.8
54,34,0.2
54,20,0.8
54,8,0.2
55,13,0.3
55,35,0.7
55,29,0.2
55,34,0.3
55,20,0.6
55,8,0.2
56,13,0.9
56,35,1
56,29,0.1
56,34,0.5
56,20,0.4
56,8,1
57,13,0.7
57,35,0.8
57,29,0.3
57,34,0.1
57,20,0.5
57,8,1
58,13,0.6
58,35,0.5
58,29,0.1
58,34,0.6
58,20,1
58,8,0.5
59,13,0.1
59,35,0.9
59,29,0.1
59,34,0.3
59,20,0.8
59,8,0.6
60,13,0
60,35,0.9
60,29,0.6
60,34,0.8
60,20,0.1
60,8,0.1
61,13,0.9
61,35,1
61,29,0.8
61,34,0.9
61,20,0.9
61,8,0.1
62,13,0.4
62,35,0.2
62,29,0
62,34,0.2
62,20,0.5
62,8,0.1
63,13,0.4
63,35,0.1
63,29,0.6
63,34,0.6
63,20,0
63,8,0.1
64,13,0.6
64,35,0.1
64,29,0.3
64,34,1
64,20,0.4
64,8,0
65,13,1
65,35,0.3
65,29,0.5
65,34,0
65,20,0
65,8,0.6
66,13,0.9
66,35,0
66,29,0.7
66,34,0.6
66,20,0.4
66,8,0.4
67,13,0.6
67,35,0.2
67,29,0.1
67,34,0.9
67,20,0
67,8,0.3
68,13,0.9
68,35,0.6
68,29,0.2
68,34,1
68,20,0.8
68,8,0.5
69,13,0
69,35,0.3
69,29,0.6
69,34,0
69,20,0.5
69,8,1
70,13,0.2
70,35,0.7
70,29,0.3
70,34,0.3
70,20,0
70,8,0.6
71,13,0.2
71,35,0.8
71,29,0.1
71,34,0.6
71,20,0.5
71,8,0.9
72,13,0.3
72,35,0.8
72,29,0.7
72,34,0
72,20,0.2
72,8,0.5
73,13,0.6
73,35,0.9
73,29,0.3
73,34,0
73,20,0
73,8,0.8
74,13,0.8
74,35,0
74,29,0.7
74,34,0.7
74,20,0.9
74,8,0.5
75,13,1
75,35,1
75,29,0.6
75,34,0.9
75,20,0.9
75,8,0.1
76,13,0.2
76,35,0.5
76,29,0.8
76,34,0.9
76,20,0.3
76,8,0.2
77,13,0.7
77,35,0.9
77,29,1
77,34,0.9
77,20,1
77,8,0.7
78,13,0.1
78,35,0.2
78,29,0
78,34,0.7
78,20,0.5
78,8,0.9
79,13,0.1
79,35,0
79,29,0.5
79,34,0.7
79,20,0
79,8,0.8
80,13,1
80,35,0.4
80,29,0.8
80,34,1
80,20,0.6
80,8,0.3
81,13,0.7
81,35,0.7
81,29,0.4
81,34,0.6
81,20,0
81,8,1
82,13,0
82,35,0.9
82,29,0.3
82,34,0.1
82,20,0.3
82,8,0.6
83,13,0.7
83,35,0.4
83,29,0.8
83,34,0.3
83,20,0.7
83,8,0.6
84,13,0.1
84,35,1
84,29,0.9
84,34,0.3
84,20,0.2
84,8,0.3
85,13,0.9
85,35,0.5
85,29,1
85,34,0.2
85,20,1
85,8,0.1
86,13,0.1
86,35,0.2
86,29,0.5
86,34,0.5
86,20,0.9
86,8,0.9
87,13,0.2
87,35,0.3
87,29,1
87,34,0.6
87,20,0
87,8,0.8
88,13,0.2
88,35,1
88,29,0.3
88,34,0.5
88,20,0.1
88,8,0
89,13,0.7
89,35,0.4
89,29,0.4
89,34,0.5
89,20,0.2
89,8,0.8
90,13,0
90,35,0
90,29,0.3
90,34,1
90,20,0.7
90,8,0
91,13,0.4
91,35,1
91,29,0.8
91,34,0.5
91,20,0.8
91,8,0.7
92,13,0.6
92,35,0.8
92,29,0.3
92,34,0.7
92,20,0.4
92,8,0.2
93,13,0.2
93,35,0.9
93,29,0.8
93,34,0.1
93,20,0.9
93,8,0
94,13,1
94,35,1
94,29,0.9
94,34,0.2
94,20,0.1
94,8,0.5
95,13,0.5
95,35,0.8
95,29,0.3
95,34,0.9
95,20,0.6
95,8,0.7
96,13,0.9
96,35,0.2
96,29,0.8
96,34,0.4
96,20,0.4
96,8,0.3
97,13,0.7
97,35,0.4
97,29,0.4
97,34,0.7
97,20,0.8
97,8,0.7
98,13,0.2
98,35,0.7
98,29,0.9
98,34,0.2
98,20,1
98,8,0.1
99,13,0.5
99,35,0.4
99,29,0.9
99,34,0
99,20,0.4
99,8,0.5
100,13,1
100,35,0.9
100,29,0.2
100,34,0.2
100,20,0.3
100,8,0.9
101,13,0.1
101,35,0.3
101,29,0
101,34,0.2
101,20,0.2
101,8,0.4
102,13,0.4
102,35,0.9
102,29,0.8
102,34,0.3
102,20,0.5
102,8,0.7
103,13,0.9
103,35,0.6
103,29,0.5
103,34,0.3
103,20,0.2
103,8,0.8
104,13,0.2
104,35,0.7
104,29,0
104,34,1
104,20,1
104,8,0.2
105,13,0.9
105,35,1
105,29,0
105,34,0.6
105,20,0
105,8,0.5
106,13,0.4
106,35,0.1
106,29,0.7
106,34,0.4
106,20,0
106,8,0.4
107,13,0.3
107,35,0.5
107,29,0.1
107,34,0.8
107,20,0.2
107,8,0.6
108,13,0.4
108,35,0.3
108,29,1
108,34,0
108,20,0.4
108,8,0.8
109,13,0.8
109,35,1
109,29,0.7
109,34,0
109,20,0.7
109,8,0
110,13,0.9
110,35,0.8
110,29,0.7
110,34,0
110,20,0.5
110,8,0.8
111,13,1
111,35,0.9
111,29,0.5
111,34,0.4
111,20,1
111,8,0.7
112,13,0.7
112,35,0
112,29,0.3
112,34,0.5
112,20,0.7
112,8,0.6
113,13,0.6
113,35,0
113,29,0.8
113,34,0.7
113,20,0.3
113,8,0.5
114,13,0.7
114,35,1
114,29,0.6
114,34,0.7
114,20,0.7
114,8,1
115,13,0
115,35,0.6
115,29,0
115,34,0.3
115,20,0.5
115,8,0.7
116,13,1
116,35,1
116,29,0.8
116,34,0
116,20,0.1
116,8,0
117,13,0.6
117,35,0.9
117,29,0.4
117,34,0
117,20,0.5
117,8,0.7
118,13,0.4
118,35,0.1
118,29,0.8
118,34,0.4
118,20,0.5
118,8,1
119,13,0.3
119,35,0.8
119,29,0.5
119,34,0.9
119,20,0
119,8,0
120,13,0.8
120,35,0.1
120,29,0.1
120,34,0.7
120,20,1
120,8,1
121,13,0.5
121,35,1
121,29,0.1
121,34,1
121,20,0.7
121,8,0.5
122,13,0.8
122,35,0.2
122,29,0.9
122,34,0.2
122,20,1
122,8,0.1
123,13,0.3
123,35,0.8
123,29,0.9
123,34,0.9
123,20,1
123,8,1
124,13,0.4
124,35,1
124,29,0.1
124,34,0.9
124,20,0.5
124,8,0.9
125,13,0.7
125,35,0
125,29,0.5
125,34,0.7
125,20,0.9
125,8,1
126,13,0.2
126,35,0.8
126,29,0.7
126,34,0.3
126,20,0.6
126,8,0.9
127,13,0.6
127,35,0.9
127,29,0.8
127,34,0.4
127,20,0.4
127,8,0.1
128,13,0.8
128,35,0
128,29,0.1
128,34,0.9
128,20,1
128,8,0
129,13,0.8
129,35,0.9
129,29,0.3
129,34,0.2
129,20,0.7
129,8,0.2
130,13,0.8
130,35,0.3
130,29,0
130,34,0.6
130,20,0.5
130,8,1
131,13,0.5
131,35,0.5
131,29,0.6
131,34,0.8
131,20,0.7
131,8,0
132,13,0.2
132,35,0.3
132,29,0.4
132,34,0.3
132,20,1
132,8,0.5
133,13,1
133,35,0.7
133,29,0.9
133,34,0.4
133,20,0.9
133,8,0.2
134,13,0.6
134,35,1
134,29,0.5
134,34,0.4
134,20,0.9
134,8,0.5
135,13,0.8
135,35,0
135,29,0
135,34,0.9
135,20,0
135,8,0.9
136,13,0
136,35,0.2
136,29,0
136,34,0.9
136,20,0.9
136,8,0.6
137,13,0.9
137,35,0.2
137,29,0.1
137,34,0.4
137,20,0.4
137,8,0.8
138,13,0.4
138,35,0.1
138,29,0.9
138,34,0.9
138,20,0.4
138,8,0.3
139,13,0.8
139,35,0.7
139,29,0.4
139,34,0.7
139,20,0.1
139,8,0.1
140,13,0.3
140,35,0.1
140,29,1
140,34,0.7
140,20,0.8
140,8,0.3
141,13,0.5
141,35,0.4
141,29,0.5
141,34,0.1
141,20,0.2
141,8,0.5
142,13,0.7
142,35,0.9
142,29,0.3
142,34,0.4
142,20,0.5
142,8,0.7
143,13,0.6
143,35,0
143,29,0.9
143,34,1
143,20,0.2
143,8,0
144,13,1
144,35,0.4
144,29,0.2
144,34,1
144,20,0.6
144,8,0.6
145,13,0.7
145,35,0.9
145,29,0.3
145,34,1
145,20,0.3
145,8,0.2
146,13,0.2
146,35,0.5
146,29,0
146,34,0.2
146,20,0.5
146,8,0
147,13,0.3
147,35,0.9
147,29,0.2
147,34,0
147,20,0.2
147,8,0.6
148,13,0.2
148,35,0.7
148,29,0.8
148,34,0.9
148,20,0.7
148,8,0.6
149,13,0.4
149,35,0.5
149,29,0.9
149,34,0.4
149,20,0.7
149,8,1
150,13,0.5
150,35,0.6
150,29,0.4
150,34,0.2
150,20,0.4
150,8,0.6
151,13,0.5
151,35,0.3
151,29,0.7
151,34,0.7
151,20,0.6
151,8,0.5
152,13,0.1
152,35,1
152,29,0.5
152,34,0.4
152,20,0.4
152,8,1
153,13,0.6
153,35,0.4
153,29,0.1
153,34,0.2
153,20,0.6
153,8,0.9
154,13,0.9
154,35,0.5
154,29,0.1
154,34,1
154,20,0.5
154,8,0
155,13,0.6
155,35,0.8
155,29,0
155,34,0.1
155,20,0.8
155,8,0.1
156,13,1
156,35,0.1
156,29,0.9
156,34,0.7
156,20,0.1
156,8,0
157,13,0.8
157,35,0.7
157,29,0
157,34,0.2
157,20,0.8
157,8,0.9
158,13,0.3
158,35,0
158,29,0.8
158,34,0.9
158,20,0.3
158,8,0.4
159,13,0.9
159,35,0
159,29,0.7
159,34,0.6
159,20,1
159,8,0.4
160,13,0.4
160,35,0.9
160,29,0.4
160,34,0.3
160,20,0.7
160,8,0.6
161,13,0.2
161,35,0.8
161,29,0
161,34,0.5
161,20,0.7
161,8,0.3
162,13,0.6
162,35,0.6
162,29,0.8
162,34,0.4
162,20,0.3
162,8,0.6
163,13,0.5
163,35,0.8
163,29,0.5
163,34,0.5
163,20,0.7
163,8,0.9
164,13,1
164,35,0.1
164,29,0
164,34,0.3
164,20,0.3
164,8,1
165,13,0.8
165,35,0.7
165,29,0.5
165,34,0.8
165,20,0.6
165,8,0.8
166,13,0.4
166,35,0.8
166,29,0.2
166,34,0
166,20,0.9
166,8,0.5
167,13,0.1
167,35,0.6
167,29,0.1
167,34,0.1
167,20,1
167,8,0
168,13,0.9
168,35,0.6
168,29,0.8
168,34,0.1
168,20,0.4
168,8,0.3
169,13,0.9
169,35,0.6
169,29,0.6
169,34,0
169,20,1
169,8,0.2
170,13,0
170,35,0.2
170,29,0.1
170,34,0.6
170,20,0.6
170,8,1
171,13,0.4
171,35,1
171,29,0.7
171,34,0.3
171,20,0.5
171,8,0.8
172,13,0.2
172,35,0.7
172,29,0.8
172,34,0
172,20,0.8
172,8,0.9
173,13,0.5
173,35,0.9
173,29,0
173,34,0.4
173,20,0.9
173,8,1
174,13,0.8
174,35,0.8
174,29,1
174,34,0.1
174,20,0.1
174,8,0.9
175,13,0.7
175,35,0
175,29,0.8
175,34,0.3
175,20,0.5
175,8,0.6
176,13,0.9
176,35,0.3
176,29,0.5
176,34,0.7
176,20,0.8
176,8,0.9
177,13,0.1
177,35,0.6
177,29,0
177,34,0.8
177,20,0.9
177,8,1
178,13,0
178,35,0.6
178,29,0.1
178,34,0.2
178,20,0.7
178,8,0.1
179,13,0.1
179,35,0.3
179,29,0.8
179,34,0.2
179,20,0.8
179,8,1
180,13,0.8
180,35,0.5
180,29,0.3
180,34,0
180,20,0.1
180,8,0.7
181,13,0.2
181,35,0.2
181,29,0.2
181,34,0.6
181,20,1
181,8,0.6
182,13,0.8
182,35,0.4
182,29,0.4
182,34,0.2
182,20,0.9
182,8,0.8
183,13,0.7
183,35,0.7
183,29,0.8
183,34,0.3
183,20,0.6
183,8,0.3
184,13,0.3
184,35,0
184,29,0.4
184,34,1
184,20,0.8
184,8,0.5
185,13,0.7
185,35,0.9
185,29,0.5
185,34,0.1
185,20,1
185,8,0.1
186,13,0.4
186,35,0.8
186,29,0.2
186,34,0.5
186,20,1
186,8,0.8
187,13,0.6
187,35,0.4
187,29,1
187,34,0.3
187,20,0.7
187,8,0.8
188,13,0.6
188,35,0.1
188,29,1
188,34,0.5
188,20,0.4
188,8,0.2
189,13,0.8
189,35,0.2
189,29,0.5
189,34,0.5
189,20,1
189,8,0.7
190,13,0.6
190,35,0.4
190,29,0.8
190,34,0
190,20,1
190,8,0.7
191,13,0.5
191,35,0.1
191,29,0.3
191,34,0.9
191,20,0.2
191,8,0.2
192,13,0.4
192,35,0.5
192,29,0.3
192,34,0.2
192,20,0.5
192,8,0.3
193,13,0.4
193,35,0.1
193,29,0.1
193,34,0.4
193,20,0.9
193,8,0.2
194,13,0.6
194,35,0.6
194,29,0.2
194,34,0.7
194,20,0.6
194,8,0.7
195,13,1
195,35,0.3
195,29,0.2
195,34,0.3
195,20,0
195,8,0.5
196,13,0.9
196,35,0.2
196,29,1
196,34,0.9
196,20,0.9
196,8,0.9
197,13,0.6
197,35,0.1
197,29,0.4
197,34,0.2
197,20,0.9
197,8,0.3
198,13,0.4
198,35,0.9
198,29,0.4
198,34,0
198,20,0.5
198,8,0.9
199,13,0.2
199,35,0.9
199,29,0.5
199,34,0
199,20,0.2
199,8,0.6
200,13,0.5
200,35,0
200,29,0.2
200,34,0
200,20,0.4
200,8,0.4
201,13,0.6
201,35,0.3
201,29,0
201,34,0.1
201,20,0.8
201,8,0.2
202,13,0.6
202,35,0.3
202,29,0.3
202,34,0.7
202,20,0.4
202,8,0.2
203,13,0.6
203,35,0.5
203,29,0.2
203,34,0.5
203,20,0.8
203,8,0.2
204,13,0.2
204,35,0.3
204,29,0.1
204,34,0.9
204,20,1
204,8,1
205,13,0.8
205,35,0.2
205,29,0.8
205,34,0.1
205,20,1
205,8,0.1
206,13,0.1
206,35,0
206,29,0.3
206,34,0
206,20,0.8
206,8,0.5
207,13,0.8
207,35,0.1
207,29,0.4
207,34,0.1
207,20,0.2
207,8,0.7
208,13,0.7
208,35,0.5
208,29,0.2
208,34,0.4
208,20,1
208,8,0
209,13,0.1
209,35,0.7
209,29,0.2
209,34,0.3
209,20,0.7
209,8,0.4
210,13,0.9
210,35,0.7
210,29,0.2
210,34,0
210,20,0
210,8,0.1
211,13,0.1
211,35,0.5
211,29,0.7
211,34,0.8
211,20,0.1
211,8,0.4
212,13,0.7
212,35,0.2
212,29,0.7
212,34,0.5
212,20,0.8
212,8,0.5
213,13,0.8
213,35,0.2
213,29,1
213,34,0.5
213,20,1
213,8,0.4
214,13,0.1
214,35,0.3
214,29,0.1
214,34,0.1
214,20,0.5
214,8,0.6
215,13,0
215,35,0.2
215,29,0.9
215,34,1
215,20,0.2
215,8,0.5
216,13,0.1
216,35,0.3
216,29,0
216,34,1
216,20,1
216,8,0.7
217,13,0.3
217,35,0.5
217,29,0.6
217,34,0.6
217,20,0.4
217,8,0.1
218,13,0.4
218,35,0.6
218,29,0.6
218,34,0.4
218,20,0.4
218,8,0.2
219,13,0.1
219,35,0.7
219,29,0.4
219,34,0.5
219,20,0
219,8,0.4
220,13,0.6
220,35,0
220,29,1
220,34,0.1
220,20,0.6
220,8,0.4
221,13,0.2
221,35,1
221,29,0
221,34,0.3
221,20,0.5
221,8,0.7
222,13,0.7
222,35,0.1
222,29,0.1
222,34,1
222,20,0.2
222,8,0.2
223,13,0.8
223,35,0.5
223,29,0.5
223,34,0.2
223,20,0.3
223,8,0.4
224,13,1
224,35,0.5
224,29,0.7
224,34,0.4
224,20,0
224,8,0.8
225,13,0
225,35,0.8
225,29,0.7
225,34,0.7
225,20,0.5
225,8,0.8
226,13,0.5
226,35,0.8
226,29,0
226,34,0.5
226,20,0.6
226,8,0.9
227,13,0.8
227,35,0.3
227,29,0.5
227,34,0.3
227,20,0.8
227,8,0.2
228,13,0.9
228,35,0.7
228,29,1
228,34,0.4
228,20,0.1
228,8,0.8
229,13,0.3
229,35,0.4
229,29,0.5
229,34,0
229,20,0.4
229,8,0.9
230,13,0.1
230,35,0.1
230,29,0.7
230,34,0.9
230,20,0.2
230,8,0.4
231,13,0.2
231,35,0.2
231,29,0.9
231,34,0.7
231,20,0.9
231,8,0
232,13,0.5
232,35,0.2
232,29,0.5
232,34,0.5
232,20,0.5
232,8,0.6
233,13,0
233,35,0.5
233,29,0.5
233,34,0.6
233,20,0
233,8,0.8
234,13,0.8
234,35,0
234,29,0.9
234,34,0.9
234,20,0.4
234,8,0.1
235,13,0
235,35,0.7
235,29,0.6
235,34,0.4
235,20,0.9
235,8,0.9
236,13,0.5
236,35,0.7
236,29,0.5
236,34,1
236,20,0.7
236,8,0.8
237,13,0.1
237,35,0.1
237,29,0.5
237,34,0.7
237,20,0.3
237,8,0.6
238,13,1
238,35,0.9
238,29,0
238,34,1
238,20,0.7
238,8,0.9
239,13,0.5
239,35,0.7
239,29,0
239,34,1
239,20,0.1
239,8,0.9
240,13,0.1
240,35,0.6
240,29,0.8
240,34,0.4
240,20,0.8
240,8,0.5
241,13,0.1
241,35,0.4
241,29,0.3
241,34,0.5
241,20,0.1
241,8,0.6
242,13,1
242,35,0.4
242,29,0.7
242,34,0.1
242,20,0.3
242,8,0.8
243,13,0.1
243,35,0.7
243,29,1
243,34,0
243,20,0.7
243,8,0.2
244,13,0.1
244,35,1
244,29,0.1
244,34,0.2
244,20,0.8
244,8,0.2
245,13,0.3
245,35,0.5
245,29,0.6
245,34,0.6
245,20,1
245,8,0.7
246,13,0
246,35,0.7
246,29,0.1
246,34,0.2
246,20,1
246,8,0
247,13,0.6
247,35,0.8
247,29,0.9
247,34,0.2
247,20,0
247,8,0.1
248,13,1
248,35,0
248,29,0.2
248,34,0
248,20,1
248,8,0.3
249,13,0.8
249,35,0.1
249,29,0.4
249,34,0.7
249,20,0.6
249,8,0.8
250,13,0
250,35,0.4
250,29,0.3
250,34,0.3
250,20,0.3
250,8,0.2
251,13,1
251,35,0.7
251,29,0
251,34,1
251,20,0.1
251,8,0.7
252,13,0.7
252,35,0.7
252,29,0.1
252,34,0.7
252,20,0.6
252,8,1
253,13,0
253,35,0.3
253,29,0.4
253,34,0.8
253,20,0.8
253,8,0.7
254,13,0.3
254,35,1
254,29,0.5
254,34,0
254,20,0.5
254,8,0.2
255,13,0.8
255,35,0.6
255,29,0.9
255,34,0.4
255,20,0.5
255,8,0.3
256,13,0.3
256,35,0.3
256,29,1
256,34,0.6
256,20,0.3
256,8,0.6
257,13,0.7
257,35,0.5
257,29,0.7
257,34,0.8
257,20,0.3
257,8,0.9
258,13,0.7
258,35,1
258,29,0.5
258,34,0
258,20,0.7
258,8,0.4
259,13,0.8
259,35,0
259,29,0.7
259,34,0.4
259,20,0.1
259,8,0.5
260,13,0.7
260,35,0.3
260,29,0.4
260,34,0.6
260,20,1
260,8,0.2
261,13,0.8
261,35,0.9
261,29,0.7
261,34,0.6
261,20,0.6
261,8,0.1
262,13,0.2
262,35,0.3
262,29,0
262,34,1
262,20,1
262,8,0.2
263,13,0.4
263,35,0
263,29,0.2
263,34,0.1
263,20,0.3
263,8,0.5
264,13,0.6
264,35,0.9
264,29,0.4
264,34,0.3
264,20,0.7
264,8,0
265,13,0.1
265,35,0.8
265,29,1
265,34,0.7
265,20,0.1
265,8,0.5
266,13,0.1
266,35,0.2
266,29,0.8
266,34,0.5
266,20,0
266,8,0.8
267,13,1
267,35,0.9
267,29,0.8
267,34,0.7
267,20,0.1
267,8,0.5
268,13,0.6
268,35,0.8
268,29,0.2
268,34,0.1
268,20,0.6
268,8,0.8
269,13,0.5
269,35,0.3
269,29,0.4
269,34,0
269,20,0.8
269,8,0.7
270,13,1
270,35,0
270,29,0.7
270,34,0.5
270,20,0.8
270,8,1
271,13,0.2
271,35,0.8
271,29,0.5
271,34,0
271,20,0.3
271,8,1
272,13,0.8
272,35,0.3
272,29,0.8
272,34,0
272,20,0.1
272,8,1
273,13,0.9
273,35,1
273,29,0.9
273,34,0.9
273,20,0.9
273,8,1
274,13,0.5
274,35,0
274,29,0.1
274,34,0.6
274,20,0.6
274,8,1
275,13,0.5
275,35,0.7
275,29,0.5
275,34,0.3
275,20,0.7
275,8,0.3
276,13,0.6
276,35,1
276,29,1
276,34,0.2
276,20,0.8
276,8,0.8
277,13,0
277,35,0.2
277,29,0.5
277,34,0.5
277,20,0.3
277,8,0.4
278,13,0.7
278,35,0.3
278,29,0.5
278,34,0.8
278,20,0.2
278,8,0.8
279,13,0.4
279,35,0.6
279,29,0.7
279,34,0.8
279,20,0.4
279,8,0
280,13,0.9
280,35,0.6
280,29,0.4
280,34,0.5
280,20,0.8
280,8,0.5
281,13,0.8
281,35,1
281,29,0.9
281,34,0.3
281,20,0.2
281,8,0.8
282,13,0.9
282,35,0.7
282,29,0.5
282,34,0.1
282,20,0.1
282,8,0.2
283,13,0.5
283,35,0.4
283,29,0.2
283,34,0.8
283,20,0.7
283,8,0.2
284,13,0
284,35,1
284,29,0.5
284,34,0.8
284,20,0.7
284,8,0.6
285,13,0.4
285,35,0.2
285,29,0.7
285,34,1
285,20,0.2
285,8,0.4
286,13,0.5
286,35,0.4
286,29,1
286,34,0.3
286,20,0.7
286,8,0.1
287,13,0.9
287,35,0.4
287,29,0.5
287,34,0.7
287,20,0.3
287,8,0.7
288,13,1
288,35,0.6
288,29,0.5
288,34,0.8
288,20,0.6
288,8,0.5
289,13,0.7
289,35,0.4
289,29,0.6
289,34,0.1
289,20,0.6
289,8,0.2
290,13,0.4
290,35,1
290,29,0.8
290,34,0.5
290,20,0.1
290,8,0.9
291,13,0.4
291,35,0.2
291,29,0.5
291,34,0.8
291,20,0.9
291,8,0.1
292,13,0
292,35,0.1
292,29,0.5
292,34,0.5
292,20,0.4
292,8,1
293,13,0.1
293,35,0.8
293,29,0.4
293,34,0.3
293,20,0.6
293,8,0.6
294,13,0.1
294,35,0.6
294,29,1
294,34,0.8
294,20,0.4
294,8,0.5
295,13,0.9
295,35,0.6
295,29,0.1
295,34,0.5
295,20,0
295,8,0.2
296,13,0.8
296,35,0.4
296,29,0.6
296,34,0.3
296,20,0.5
296,8,0.7
297,13,0
297,35,0.6
297,29,0.9
297,34,0.3
297,20,0.4
297,8,0.1
298,13,0.9
298,35,0.6
298,29,0.4
298,34,0
298,20,0.9
298,8,0.2
299,13,0.1
299,35,0.5
299,29,0.7
299,34,0.8
299,20,0.4
299,8,0.1
300,13,0.5
300,35,0.7
300,29,0.5
300,34,1
300,20,0.3
300,8,0.9
301,13,0.6
301,35,0.9
301,29,0.3
301,34,0.5
301,20,0.2
301,8,0.3
302,13,0.9
302,35,0
302,29,0.6
302,34,0.5
302,20,0.4
302,8,0.5
303,13,0.6
303,35,1
303,29,0.2
303,34,0.7
303,20,0.2
303,8,0.6
304,13,0.7
304,35,0.4
304,29,0.7
304,34,0.5
304,20,0.4
304,8,0.8
305,13,0.1
305,35,0.2
305,29,0.6
305,34,0.9
305,20,0.7
305,8,1
306,13,1
306,35,0.4
306,29,0.6
306,34,0.3
306,20,0.6
306,8,0.7
307,13,0.8
307,35,0.8
307,29,1
307,34,0.4
307,20,0.1
307,8,1
308,13,0
308,35,0.8
308,29,0.1
308,34,0.5
308,20,0.6
308,8,0.2
309,13,0
309,35,0.4
309,29,0.4
309,34,0.4
309,20,0.3
309,8,0.4
310,13,0.1
310,35,0
310,29,0.9
310,34,0.6
310,20,0.4
310,8,0.7
311,13,0.4
311,35,1
311,29,1
311,34,1
311,20,1
311,8,0.7
312,13,0.9
312,35,0.5
312,29,0.2
312,34,0.9
312,20,0.3
312,8,0.6
313,13,0.5
313,35,0.3
313,29,0.5
313,34,1
313,20,0.5
313,8,0.1
314,13,0.5
314,35,0.9
314,29,0.1
314,34,0.4
314,20,0.8
314,8,0.7
315,13,0.7
315,35,0.6
315,29,0.7
315,34,0
315,20,0.3
315,8,1
316,13,0.3
316,35,0.1
316,29,0.5
316,34,0.8
316,20,0.8
316,8,0
317,13,0.6
317,35,0.3
317,29,0.6
317,34,0.1
317,20,0.9
317,8,0.4
318,13,0.6
318,35,0.2
318,29,0.6
318,34,0.4
318,20,0.6
318,8,0.1
319,13,0.2
319,35,0.8
319,29,0.2
319,34,0.2
319,20,0.3
319,8,0
320,13,0.7
320,35,0.8
320,29,1
320,34,0.4
320,20,0.6
320,8,1
321,13,0.9
321,35,0.7
321,29,0.4
321,34,0.7
321,20,1
321,8,0.2
322,13,1
322,35,1
322,29,0.8
322,34,1
322,20,0.9
322,8,0.7
323,13,0.5
323,35,0.1
323,29,0.5
323,34,0.1
323,20,0.2
323,8,0.9
324,13,0.8
324,35,0.4
324,29,1
324,34,0.6
324,20,0.4
324,8,1
325,13,0
325,35,0.6
325,29,0.2
325,34,0.9
325,20,0.1
325,8,0.3
326,13,0.2
326,35,0.9
326,29,0.7
326,34,0.5
326,20,0.3
326,8,1
327,13,0.6
327,35,0.7
327,29,0.1
327,34,0.2
327,20,0.2
327,8,0.3
328,13,0.3
328,35,0.5
328,29,0.6
328,34,0.5
328,20,0.3
328,8,0
329,13,0.9
329,35,0.9
329,29,0.3
329,34,0.7
329,20,0.9
329,8,0
330,13,0.8
330,35,0.7
330,29,1
330,34,0.9
330,20,0.2
330,8,0.2
331,13,0.5
331,35,0.8
331,29,0.5
331,34,0.8
331,20,0.5
331,8,0.3
332,13,0.5
332,35,0.4
332,29,0.4
332,34,1
332,20,0.7
332,8,0.5
333,13,0.3
333,35,0.5
333,29,0.6
333,34,0.6
333,20,0.4
333,8,1
334,13,0.3
334,35,0.1
334,29,0.7
334,34,0
334,20,0.3
334,8,0.6
335,13,0.7
335,35,0.2
335,29,0.8
335,34,0.1
335,20,0.2
335,8,1
336,13,0.7
336,35,0.5
336,29,0
336,34,0.3
336,20,0.1
336,8,0.3
337,13,0.6
337,35,0.9
337,29,0
337,34,0.1
337,20,0.5
337,8,1
338,13,0.3
338,35,0.2
338,29,0.5
338,34,1
338,20,0.9
338,8,0.4
339,13,0.2
339,35,0
339,29,0.7
339,34,0.6
339,20,0.9
339,8,0.4
340,13,0.5
340,35,0
340,29,0.7
340,34,0.4
340,20,0.6
340,8,0.2
341,13,0.6
341,35,0.4
341,29,0.4
341,34,1
341,20,0.8
341,8,0.9
342,13,0.6
342,35,0.8
342,29,0.8
342,34,0.7
342,20,1
342,8,0.2
343,13,0.4
343,35,0.4
343,29,0.6
343,34,1
343,20,0.2
343,8,0.3
344,13,0.9
344,35,0.6
344,29,1
344,34,0.7
344,20,0.7
344,8,0.8
345,13,1
345,35,0
345,29,0.2
345,34,0.2
345,20,0.7
345,8,0.6
346,13,1
346,35,0
346,29,0.1
346,34,0.3
346,20,0.7
346,8,0.1
347,13,0.8
347,35,0.3
347,29,0.2
347,34,1
347,20,0.1
347,8,0.7
348,13,0.1
348,35,0.5
348,29,0.2
348,34,0.1
348,20,0.1
348,8,0.6
349,13,1
349,35,0.3
349,29,0.9
349,34,0.7
349,20,1
349,8,0.6
350,13,0.6
350,35,0.6
350,29,0.5
350,34,0.3
350,20,0.1
350,8,0.6
351,13,0
351,35,0.9
351,29,0.2
351,34,0.6
351,20,0.4
351,8,0.9
352,13,0.4
352,35,0.9
352,29,0.7
352,34,0.6
352,20,1
352,8,0
353,13,0.8
353,35,0.5
353,29,0.3
353,34,0.6
353,20,0.3
353,8,1
354,13,0
354,35,0.1
354,29,0.8
354,34,0.3
354,20,1
354,8,0.5
355,13,0.8
355,35,0.4
355,29,0.7
355,34,0.7
355,20,0.4
355,8,0.5
356,13,0.4
356,35,0.2
356,29,0.4
356,34,1
356,20,0.7
356,8,0.4
357,13,0.6
357,35,0.4
357,29,0.1
357,34,0.4
357,20,0
357,8,0.8
358,13,0.5
358,35,0.7
358,29,0.2
358,34,0.8
358,20,0.2
358,8,0.6
359,13,0.6
359,35,0.2
359,29,0.2
359,34,0.6
359,20,0
359,8,0.7
360,13,0.9
360,35,0.3
360,29,0.1
360,34,0
360,20,0.4
360,8,0.7
361,13,0.4
361,35,0.3
361,29,0
361,34,0.3
361,20,0.7
361,8,0.4
362,13,0.2
362,35,0.4
362,29,0.9
362,34,0.3
362,20,1
362,8,0.6
363,13,0.1
363,35,0.4
363,29,0.3
363,34,0.8
363,20,0.1
363,8,0.3
364,13,0.8
364,35,0.1
364,29,0.5
364,34,0
364,20,0.2
364,8,0.4
365,13,0
365,35,0.5
365,29,0.7
365,34,0.5
365,20,0
365,8,0.8
366,13,0.9
366,35,0
366,29,0.4
366,34,1
366,20,0.1
366,8,0.4
367,13,0.2
367,35,0.8
367,29,0
367,34,0.6
367,20,0.6
367,8,0.6
368,13,0.1
368,35,0.8
368,29,0.1
368,34,0.1
368,20,0.2
368,8,0.7
369,13,0.5
369,35,1
369,29,0.9
369,34,0.4
369,20,0.3
369,8,0.1
370,13,0.8
370,35,0.4
370,29,0.6
370,34,0.7
370,20,0.7
370,8,0.7
371,13,0.4
371,35,1
371,29,0.2
371,34,0.4
371,20,0.5
371,8,0.3
372,13,0.2
372,35,0
372,29,0.7
372,34,0.4
372,20,0.5
372,8,1
373,13,0.6
373,35,0.8
373,29,0.5
373,34,0.8
373,20,1
373,8,0.1
374,13,0.3
374,35,0.8
374,29,0.2
374,34,0.7
374,20,1
374,8,0
375,13,0.5
375,35,0.7
375,29,0.9
375,34,0.8
375,20,0
375,8,0.5
376,13,0.8
376,35,0.1
376,29,0.6
376,34,0.8
376,20,0.3
376,8,0.5
377,13,0.2
377,35,0.7
377,29,0.7
377,34,0.8
377,20,0.2
377,8,0.9
378,13,0.9
378,35,0.4
378,29,0.7
378,34,0
378,20,0.7
378,8,1
379,13,0.2
379,35,0.1
379,29,0.2
379,34,0.8
379,20,0.3
379,8,0.6
380,13,0.9
380,35,0.8
380,29,0.1
380,34,0.4
380,20,0.9
380,8,0.4
381,13,0.1
381,35,0.3
381,29,0.4
381,34,0.3
381,20,0.5
381,8,1
382,13,0.7
382,35,0.1
382,29,0.7
382,34,0.6
382,20,0.9
382,8,0.1
383,13,0.8
383,35,0.6
383,29,0.7
383,34,0.7
383,20,0.4
383,8,0.3
384,13,0.2
384,35,0.8
384,29,0.1
384,34,0.5
384,20,0.8
384,8,0.5
385,13,0.5
385,35,0.9
385,29,0.1
385,34,0.8
385,20,0
385,8,0.9
386,13,0.5
386,35,0
386,29,0.4
386,34,0.7
386,20,0.4
386,8,0.4
387,13,0.4
387,35,0
387,29,0.6
387,34,0
387,20,0.4
387,8,0.8
388,13,0.6
388,35,0.8
388,29,0.8
388,34,0.6
388,20,0.2
388,8,0
389,13,1
389,35,0
389,29,0.7
389,34,0.8
389,20,0.3
389,8,0.7
390,13,0.4
390,35,0
390,29,0.1
390,34,0.1
390,20,0.1
390,8,0.1
391,13,0.5
391,35,0.8
391,29,0.5
391,34,0.2
391,20,0.2
391,8,0.1
392,13,0.2
392,35,0.6
392,29,0.5
392,34,0.3
392,20,0.9
392,8,0.6
393,13,0.7
393,35,0.6
393,29,0
393,34,0.9
393,20,0.1
393,8,0.4
394,13,0.7
394,35,0.8
394,29,0.1
394,34,0
394,20,1
394,8,0.1
395,13,0.7
395,35,0.9
395,29,0.9
395,34,0.3
395,20,0.5
395,8,0.6
396,13,0.2
396,35,0.6
396,29,0.7
396,34,0.6
396,20,0.4
396,8,0.8
397,13,0.2
397,35,0.8
397,29,0.3
397,34,0.4
397,20,0.1
397,8,1
398,13,0.5
398,35,0.4
398,29,0.7
398,34,0.1
398,20,0.9
398,8,0.6
399,13,0.8
399,35,0.6
399,29,0.5
399,34,0.2
399,20,0
399,8,1
400,13,0.8
400,35,0.2
400,29,1
400,34,0.8
400,20,0
400,8,0.3
401,13,0.8
401,35,0.2
401,29,0.8
401,34,0.7
401,20,0.3
401,8,0.5
402,13,0.8
402,35,0.8
402,29,0.9
402,34,0
402,20,0.7
402,8,1
403,13,1
403,35,0
403,29,0
403,34,0.4
403,20,0.2
403,8,0.7
404,13,0.8
404,35,0.9
404,29,0.5
404,34,1
404,20,0.6
404,8,0.2
405,13,0.8
405,35,0.4
405,29,0.3
405,34,0.8
405,20,1
405,8,0.6
406,13,0.8
406,35,0.2
406,29,0.3
406,34,0.2
406,20,0.8
406,8,0.5
407,13,0.2
407,35,0.6
407,29,0.7
407,34,1
407,20,0.1
407,8,0.2
408,13,0.7
408,35,0.5
408,29,0.6
408,34,1
408,20,0.5
408,8,0.4
409,13,0
409,35,0.2
409,29,0.6
409,34,0.3
409,20,0.3
409,8,0.2
410,13,0.7
410,35,0.7
410,29,0
410,34,0.6
410,20,0.3
410,8,0.7
411,13,0.5
411,35,0.7
411,29,0.8
411,34,0.4
411,20,0.9
411,8,0.9
412,13,0.6
412,35,1
412,29,0.2
412,34,0.5
412,20,0.2
412,8,0.7
413,13,1
413,35,0.7
413,29,0.3
413,34,0.4
413,20,0.1
413,8,0.1
414,13,0.9
414,35,0.8
414,29,0.5
414,34,0.7
414,20,0.6
414,8,0.4
415,13,0.6
415,35,0.1
415,29,0.6
415,34,0.4
415,20,0.6
415,8,1
416,13,0
416,35,0.7
416,29,0.4
416,34,1
416,20,0.5
416,8,0.5
417,13,0.1
417,35,0.5
417,29,0.2
417,34,0.3
417,20,0.3
417,8,0.3
418,13,0.9
418,35,0.8
418,29,0.1
418,34,0.6
418,20,0.4
418,8,0.4
419,13,0.6
419,35,0.7
419,29,0.4
419,34,0.8
419,20,0.8
419,8,0.5
420,13,0.6
420,35,0.1
420,29,0.5
420,34,0.6
420,20,0
420,8,0.2
421,13,0.1
421,35,0.5
421,29,0.3
421,34,1
421,20,0
421,8,0.9
422,13,0.2
422,35,0.5
422,29,0.9
422,34,0.4
422,20,0.2
422,8,0.3
423,13,0
423,35,0
423,29,0.7
423,34,0.5
423,20,0.1
423,8,0.3
424,13,0.1
424,35,0.2
424,29,0.2
424,34,0.2
424,20,0.5
424,8,0.1
425,13,0
425,35,0.3
425,29,0.6
425,34,0.7
425,20,0
425,8,0.6
426,13,0.5
426,35,0.7
426,29,0.8
426,34,0.6
426,20,0.4
426,8,0.4
427,13,0.5
427,35,0
427,29,0.3
427,34,1
427,20,0.3
427,8,0.3
428,13,0.4
428,35,0.8
428,29,0.2
428,34,0
428,20,0.1
428,8,0.8
429,13,0.5
429,35,0.4
429,29,0.3
429,34,0.5
429,20,0.7
429,8,0
430,13,0.7
430,35,0.7
430,29,0.2
430,34,0.3
430,20,0.6
430,8,0.4
431,13,0.2
431,35,0.5
431,29,0.2
431,34,1
431,20,0.7
431,8,0.1
432,13,0.2
432,35,0.6
432,29,0.8
432,34,0.7
432,20,0.9
432,8,0.5
433,13,0.7
433,35,0.4
433,29,1
433,34,0.1
433,20,0.4
433,8,0.8
434,13,0.5
434,35,0.7
434,29,0.3
434,34,0.2
434,20,1
434,8,0.3
435,13,0.7
435,35,0.6
435,29,1
435,34,1
435,20,0.6
435,8,0.9
436,13,0.7
436,35,0.8
436,29,0.1
436,34,0.9
436,20,1
436,8,0.9
437,13,0
437,35,0
437,29,0
437,34,0.6
437,20,0.9
437,8,0.9
438,13,0.6
438,35,0.3
438,29,0.2
438,34,0.4
438,20,0.8
438,8,0.8
439,13,0.8
439,35,0.3
439,29,0.1
439,34,0.4
439,20,0.3
439,8,0
440,13,0.6
440,35,0.1
440,29,0.8
440,34,0.7
440,20,0.6
440,8,0.9
441,13,0.7
441,35,0.5
441,29,0.6
441,34,0
441,20,0.9
441,8,0.7
442,13,1
442,35,0.1
442,29,0.9
442,34,0.1
442,20,0.3
442,8,0.6
443,13,0.2
443,35,0
443,29,0.4
443,34,0.6
443,20,0.5
443,8,0.6
444,13,0.5
444,35,0.7
444,29,0.9
444,34,0.9
444,20,0.2
444,8,0.6
445,13,0.8
445,35,0.6
445,29,0.4
445,34,0.5
445,20,0.9
445,8,0.4
446,13,0.6
446,35,1
446,29,0.1
446,34,0
446,20,0.3
446,8,0.4
447,13,0.8
447,35,1
447,29,0.9
447,34,0.2
447,20,0.1
447,8,0.6
448,13,0.5
448,35,0.1
448,29,0.1
448,34,0.5
448,20,0.3
448,8,0
449,13,0.8
449,35,1
449,29,0.7
449,34,0.4
449,20,0.2
449,8,0.8
450,13,0.6
450,35,0.6
450,29,0.6
450,34,1
450,20,0.3
450,8,0.1
451,13,0
451,35,0.7
451,29,0.6
451,34,0.8
451,20,0
451,8,0.3
452,13,0.5
452,35,1
452,29,0.4
452,34,1
452,20,0.8
452,8,0.9
453,13,0.9
453,35,1
453,29,0.9
453,34,1
453,20,0.9
453,8,0
454,13,0.6
454,35,0.8
454,29,0.5
454,34,0.7
454,20,0.5
454,8,0.9
455,13,0.5
455,35,0.8
455,29,0.6
455,34,0.9
455,20,0.3
455,8,0.9
456,13,0.6
456,35,0.7
456,29,0.4
456,34,0.5
456,20,0.8
456,8,0.4
457,13,0.4
457,35,0.8
457,29,0.2
457,34,0.3
457,20,0.7
457,8,1
458,13,0
458,35,0.9
458,29,0.7
458,34,0.5
458,20,0.9
458,8,0
459,13,0.7
459,35,0
459,29,0.2
459,34,0
459,20,0.1
459,8,0.2
460,13,0
460,35,0.1
460,29,0.6
460,34,0.3
460,20,0.9
460,8,0.9
461,13,0.2
461,35,0.8
461,29,0.4
461,34,0.9
461,20,0.6
461,8,0.2
462,13,0.1
462,35,0.7
462,29,0.3
462,34,0.2
462,20,0.5
462,8,0.3
463,13,0.5
463,35,0.3
463,29,1
463,34,0.4
463,20,0.6
463,8,0.5
464,13,0
464,35,0
464,29,0.5
464,34,0.8
464,20,0.7
464,8,0.5
465,13,0.6
465,35,0.6
465,29,0.1
465,34,0.9
465,20,0
465,8,0.8
466,13,0
466,35,0
466,29,0.6
466,34,0.4
466,20,0.9
466,8,0.1
467,13,1
467,35,0.3
467,29,0.7
467,34,0.7
467,20,0
467,8,1
468,13,0.7
468,35,0.2
468,29,0.9
468,34,0.1
468,20,0.5
468,8,0.3
469,13,0.4
469,35,0.6
469,29,0.9
469,34,0.3
469,20,0
469,8,1
470,13,0.8
470,35,1
470,29,0.9
470,34,0.7
470,20,0.3
470,8,0.9
471,13,0.6
471,35,0.9
471,29,0.4
471,34,0.6
471,20,0.4
471,8,0.9
472,13,0.4
472,35,0.6
472,29,0.6
472,34,0.8
472,20,0.5
472,8,0.4
473,13,0.5
473,35,0.3
473,29,0.9
473,34,0.8
473,20,0.4
473,8,0.2
474,13,0.4
474,35,0.8
474,29,0.1
474,34,1
474,20,0.7
474,8,0.6
475,13,0.5
475,35,0.3
475,29,0.6
475,34,0.1
475,20,0.5
475,8,0.4
476,13,0.5
476,35,0.3
476,29,0.8
476,34,0.3
476,20,0.3
476,8,1
477,13,0.8
477,35,0.8
477,29,0.7
477,34,0.2
477,20,0.4
477,8,0.3
478,13,1
478,35,0
478,29,0.4
478,34,0.5
478,20,1
478,8,0.8
479,13,0.5
479,35,1
479,29,0.9
479,34,0.6
479,20,1
479,8,0.4
480,13,0.5
480,35,0.3
480,29,0.7
480,34,0.2
480,20,0.9
480,8,1
481,13,0.3
481,35,0.3
481,29,0.2
481,34,0.1
481,20,0.9
481,8,0.1
482,13,0.9
482,35,0.7
482,29,0.7
482,34,1
482,20,0
482,8,1
483,13,0.3
483,35,0.5
483,29,1
483,34,0.8
483,20,0.8
483,8,1
484,13,0.4
484,35,0.2
484,29,0.4
484,34,0.6
484,20,0.8
484,8,0.5
485,13,0.2
485,35,0.7
485,29,0
485,34,0.6
485,20,0.6
485,8,0.8
486,13,1
486,35,0.1
486,29,0.4
486,34,0.3
486,20,0.3
486,8,0.6
487,13,0.2
487,35,0
487,29,0
487,34,1
487,20,0.5
487,8,0.7
488,13,0.3
488,35,0.4
488,29,0
488,34,0.1
488,20,0.4
488,8,0
489,13,0
489,35,1
489,29,0
489,34,0.3
489,20,0.4
489,8,0.1
490,13,0.3
490,35,0.5
490,29,0
490,34,0.1
490,20,0.2
490,8,0.8
491,13,0.7
491,35,0.9
491,29,0
491,34,0.3
491,20,0.3
491,8,0.7
492,13,0.7
492,35,0.3
492,29,0.5
492,34,0.6
492,20,0.4
492,8,0.2
493,13,0.9
493,35,0.3
493,29,1
493,34,0.4
493,20,0.1
493,8,0.4
494,13,0.6
494,35,0.3
494,29,0
494,34,1
494,20,0.2
494,8,0.7
495,13,0.1
495,35,0.6
495,29,0.5
495,34,0
495,20,0.8
495,8,0.2
496,13,0.8
496,35,0.4
496,29,0.2
496,34,0.1
496,20,0.4
496,8,0.6
497,13,0.5
497,35,1
497,29,0.8
497,34,0.1
497,20,0.6
497,8,0.3
498,13,0.5
498,35,0
498,29,0.2
498,34,0.4
498,20,0
498,8,0.6
499,13,0.4
499,35,0.5
499,29,0.5
499,34,1
499,20,0.2
499,8,0.5
500,13,0.7
500,35,0
500,29,0.5
500,34,0.7
500,20,0.6
500,8,0.2
501,13,0
501,35,0.8
501,29,0.4
501,34,0.4
501,20,0.5
501,8,0.1
502,13,0.5
502,35,0.1
502,29,0.9
502,34,0.5
502,20,0.5
502,8,0.2
503,13,0.5
503,35,0.6
503,29,0.7
503,34,0.1
503,20,1
503,8,0.8
504,13,0.5
504,35,0.2
504,29,0.3
504,34,0.4
504,20,0.7
504,8,0.8
505,13,0.3
505,35,0.8
505,29,0.2
505,34,0.1
505,20,0.4
505,8,0.4
506,13,1
506,35,0.7
506,29,0.9
506,34,0.4
506,20,0.2
506,8,0.4
507,13,0.9
507,35,0.7
507,29,0.4
507,34,0.4
507,20,0.3
507,8,0.7
508,13,0.5
508,35,0
508,29,0.6
508,34,0.7
508,20,0.7
508,8,0.4
509,13,0.1
509,35,0.5
509,29,0
509,34,0.9
509,20,0.4
509,8,0.5
510,13,0.8
510,35,0.7
510,29,0.1
510,34,0.4
510,20,0
510,8,0.9
511,13,1
511,35,0.4
511,29,0.8
511,34,0.5
511,20,1
511,8,0.2
512,13,0.8
512,35,0.2
512,29,0.7
512,34,0.1
512,20,1
512,8,0.8
513,13,0.2
513,35,0.1
513,29,0
513,34,1
513,20,0.1
513,8,0
514,13,0.9
514,35,0
514,29,0.8
514,34,0.8
514,20,0.4
514,8,0.9
515,13,0.8
515,35,0.7
515,29,0.1
515,34,0.9
515,20,0.3
515,8,0.5
516,13,0.3
516,35,0.7
516,29,0.3
516,34,0.9
516,20,0.3
516,8,0.4
517,13,0.1
517,35,0.3
517,29,0.2
517,34,0.7
517,20,0.8
517,8,0.5
518,13,0.6
518,35,0.7
518,29,1
518,34,0.7
518,20,0.2
518,8,0.9
519,13,0.3
519,35,0.9
519,29,0.7
519,34,0.2
519,20,0.6
519,8,0.4
520,13,0.6
520,35,0.2
520,29,0
520,34,0.2
520,20,1
520,8,0.5
521,13,0.3
521,35,0.2
521,29,0.1
521,34,0.9
521,20,0.2
521,8,0.1
522,13,0.4
522,35,0.3
522,29,0.2
522,34,0.1
522,20,0.7
522,8,0.9
523,13,0
523,35,0.1
523,29,0.2
523,34,0.7
523,20,0.7
523,8,0.2
524,13,0.5
524,35,0.7
524,29,0.7
524,34,0.5
524,20,0.3
524,8,0.9
525,13,0.3
525,35,0.5
525,29,0.1
525,34,1
525,20,0.4
525,8,0.1
526,13,0.5
526,35,0.7
526,29,0.7
526,34,1
526,20,0.8
526,8,1
527,13,0.4
527,35,1
527,29,0.2
527,34,1
527,20,1
527,8,0.1
528,13,0.9
528,35,0.3
528,29,0.9
528,34,0.2
528,20,0.8
528,8,0.3
529,13,0.5
529,35,0.7
529,29,0.5
529,34,0.2
529,20,0.7
529,8,0.2
530,13,0.1
530,35,0.4
530,29,0.5
530,34,0.9
530,20,0.8
530,8,0.5
531,13,0.4
531,35,1
531,29,0.1
531,34,0.6
531,20,0.1
531,8,1
532,13,0.3
532,35,0.8
532,29,0.6
532,34,0.8
532,20,0.6
532,8,0.9
533,13,0.8
533,35,0.1
533,29,0.4
533,34,0.7
533,20,0.4
533,8,0.1
534,13,0.4
534,35,0.8
534,29,0.9
534,34,0.6
534,20,0.3
534,8,0.8
535,13,0.7
535,35,0.5
535,29,1
535,34,0.4
535,20,0.3
535,8,0.6
536,13,0.5
536,35,0.6
536,29,0.6
536,34,0
536,20,0.8
536,8,0
537,13,0.1
537,35,0.9
537,29,0.4
537,34,0.7
537,20,0.2
537,8,0
538,13,0.1
538,35,0.5
538,29,0.3
538,34,0.4
538,20,0.4
538,8,0.8
539,13,0.3
539,35,0.3
539,29,0.5
539,34,0.3
539,20,0.4
539,8,0.1
540,13,0.4
540,35,0.2
540,29,0.3
540,34,0.9
540,20,0.6
540,8,0.8
541,13,0.2
541,35,0
541,29,0
541,34,1
541,20,0.1
541,8,1
542,13,1
542,35,0.3
542,29,0.9
542,34,0.3
542,20,0.1
542,8,0.1
543,13,1
543,35,0
543,29,0.5
543,34,0.4
543,20,1
543,8,0.3
544,13,0.5
544,35,0.9
544,29,0.4
544,34,0.2
544,20,0
544,8,0.9
545,13,0.9
545,35,0.4
545,29,0.1
545,34,0.3
545,20,0.8
545,8,0.7
546,13,0.8
546,35,0.6
546,29,0.1
546,34,0
546,20,0.4
546,8,0.1
547,13,0.8
547,35,0.3
547,29,0.5
547,34,0.6
547,20,0.7
547,8,0.7
548,13,0.9
548,35,0.6
548,29,0.2
548,34,0.1
548,20,0.4
548,8,0.6
549,13,0
549,35,0.1
549,29,0.4
549,34,0.3
549,20,0.2
549,8,1
550,13,0.8
550,35,0.2
550,29,0.5
550,34,0.9
550,20,0.9
550,8,0.2
551,13,0
551,35,0.8
551,29,0.3
551,34,0.2
551,20,0.1
551,8,0.2
552,13,0.7
552,35,0.3
552,29,0.2
552,34,1
552,20,0.3
552,8,0.7
553,13,0.5
553,35,0.2
553,29,1
553,34,0.3
553,20,0.7
553,8,0.6
554,13,0.9
554,35,0.9
554,29,0.2
554,34,0.7
554,20,0.4
554,8,0.1
555,13,0.5
555,35,0.5
555,29,0.9
555,34,1
555,20,0.5
555,8,0.3
556,13,0.9
556,35,0.3
556,29,1
556,34,0.5
556,20,0.3
556,8,0.7
557,13,0.1
557,35,0.6
557,29,0.2
557,34,0.6
557,20,0.3
557,8,0.2
558,13,0.5
558,35,0.8
558,29,0.7
558,34,0
558,20,0.7
558,8,0.9
559,13,0.8
559,35,1
559,29,0.3
559,34,0.1
559,20,0.6
559,8,0.3
560,13,0.9
560,35,0.6
560,29,0.2
560,34,0.2
560,20,0.9
560,8,1
561,13,0.6
561,35,0.9
561,29,0.7
561,34,0.9
561,20,0.1
561,8,0.9
562,13,1
562,35,0
562,29,0.2
562,34,0.1
562,20,0.6
562,8,0.2
563,13,0
563,35,0.7
563,29,0.3
563,34,1
563,20,0
563,8,0.5
564,13,0.4
564,35,1
564,29,1
564,34,1
564,20,1
564,8,0.7
565,13,0
565,35,0.3
565,29,1
565,34,0.6
565,20,0.9
565,8,1
566,13,0
566,35,0.4
566,29,0.3
566,34,0.3
566,20,0.7
566,8,0.7
567,13,0.8
567,35,0.1
567,29,0.4
567,34,1
567,20,0.7
567,8,0.3
568,13,0.2
568,35,1
568,29,0.8
568,34,0.8
568,20,0.3
568,8,0.8
569,13,0.7
569,35,0.5
569,29,0.8
569,34,0.1
569,20,0
569,8,0.2
570,13,0.8
570,35,0.7
570,29,0.5
570,34,0.2
570,20,0.7
570,8,0.2
571,13,0.2
571,35,0.5
571,29,1
571,34,0.7
571,20,0.8
571,8,0.6
572,13,0.5
572,35,0.5
572,29,0.9
572,34,0.1
572,20,0.4
572,8,0.5
573,13,0.1
573,35,0.6
573,29,0.4
573,34,1
573,20,0.4
573,8,0
574,13,0.9
574,35,0.9
574,29,0.7
574,34,0.1
574,20,0.3
574,8,0
575,13,0.2
575,35,0.8
575,29,0.2
575,34,0.3
575,20,0
575,8,0.7
576,13,0.8
576,35,0.5
576,29,0.8
576,34,0.4
576,20,0.5
576,8,0.5
577,13,0.8
577,35,0.4
577,29,0.8
577,34,0
577,20,0.5
577,8,0
578,13,0.5
578,35,0.1
578,29,0.4
578,34,0.2
578,20,0
578,8,0.1
579,13,0.9
579,35,0.1
579,29,0
579,34,0.7
579,20,0.1
579,8,0.4
580,13,0.5
580,35,0.7
580,29,0.1
580,34,0.1
580,20,0.3
580,8,0.7
581,13,0
581,35,0.8
581,29,0.2
581,34,0.4
581,20,1
581,8,0.8
582,13,0.5
582,35,0.4
582,29,0.1
582,34,0.4
582,20,0
582,8,0.5
583,13,0.2
583,35,0.1
583,29,0.5
583,34,1
583,20,0.5
583,8,0.7
584,13,0.7
584,35,0
584,29,0.1
584,34,0.6
584,20,0.8
584,8,0
585,13,1
585,35,1
585,29,0
585,34,0.2
585,20,0.5
585,8,0.5
586,13,0.8
586,35,0.6
586,29,0.9
586,34,0.3
586,20,0.2
586,8,0.1
587,13,0
587,35,0.2
587,29,0.3
587,34,0.2
587,20,0.1
587,8,0.9
588,13,0
588,35,0.7
588,29,0.4
588,34,0.4
588,20,0.4
588,8,1
589,13,0
589,35,1
589,29,0.1
589,34,0.8
589,20,0.8
589,8,0.7
590,13,0.4
590,35,0.7
590,29,0
590,34,0.7
590,20,0.2
590,8,0.9
591,13,0
591,35,0.8
591,29,0.1
591,34,0.4
591,20,0.3
591,8,0.5
592,13,0.5
592,35,0.3
592,29,0.3
592,34,0.1
592,20,0.9
592,8,0.3
593,13,0.9
593,35,0.3
593,29,0.1
593,34,0.9
593,20,0.3
593,8,0.7
594,13,0.7
594,35,0.1
594,29,1
594,34,0.5
594,20,0.4
594,8,0.3
595,13,0.7
595,35,0.2
595,29,0.3
595,34,0.8
595,20,1
595,8,0.1
596,13,0.7
596,35,0.5
596,29,0.5
596,34,0.7
596,20,0.6
596,8,0.9
597,13,0.1
597,35,0.1
597,29,1
597,34,1
597,20,0.5
597,8,0
598,13,0.9
598,35,0.6
598,29,0.5
598,34,1
598,20,0.8
598,8,0.6
599,13,0
599,35,0.9
599,29,1
599,34,0.4
599,20,0.2
599,8,0.6
600,13,0.9
600,35,0.3
600,29,0.1
600,34,0.2
600,20,0.8
600,8,0.2
601,13,0.3
601,35,0.4
601,29,1
601,34,0.6
601,20,0.7
601,8,0.5
602,13,0.3
602,35,0.3
602,29,0.1
602,34,1
602,20,0.5
602,8,0.3
603,13,0
603,35,0.4
603,29,0.8
603,34,0.9
603,20,0.9
603,8,0.9
604,13,0.6
604,35,0.7
604,29,0.4
604,34,0.8
604,20,0.4
604,8,0.3
605,13,0
605,35,0.1
605,29,0.6
605,34,0.7
605,20,0.9
605,8,0.6
606,13,0.9
606,35,0.5
606,29,0.3
606,34,0.2
606,20,0.4
606,8,0.8
607,13,0
607,35,0.5
607,29,0.3
607,34,0.4
607,20,0.3
607,8,0.7
608,13,0.7
608,35,0.1
608,29,0.7
608,34,0.3
608,20,0.1
608,8,0.3
609,13,0.6
609,35,0.5
609,29,1
609,34,1
609,20,0.3
609,8,0.5
610,13,0.1
610,35,0.9
610,29,0.7
610,34,0.5
610,20,0.7
610,8,0.8
611,13,0.8
611,35,1
611,29,0.2
611,34,0
611,20,0.5
611,8,0.3
612,13,1
612,35,0.1
612,29,0
612,34,0.8
612,20,0.6
612,8,0.4
613,13,0.5
613,35,0.6
613,29,0.7
613,34,0.5
613,20,0.2
613,8,0.6
614,13,0.5
614,35,0.6
614,29,0.5
614,34,0.1
614,20,0.7
614,8,0.5
615,13,0.8
615,35,0.3
615,29,0
615,34,0
615,20,0.5
615,8,0.9
616,13,0.7
616,35,0.9
616,29,1
616,34,0.2
616,20,0.7
616,8,0.8
617,13,0.7
617,35,0.4
617,29,0.2
617,34,0.6
617,20,0.8
617,8,0
618,13,0
618,35,0.7
618,29,0.5
618,34,0.7
618,20,0.1
618,8,0.1
619,13,0.4
619,35,0.9
619,29,0.3
619,34,0.7
619,20,0.9
619,8,0.5
620,13,0.5
620,35,0
620,29,0.7
620,34,0.5
620,20,0.8
620,8,0.4
621,13,0.7
621,35,0.8
621,29,0.7
621,34,0
621,20,0.5
621,8,0.6
622,13,0.8
622,35,0.4
622,29,0.8
622,34,1
622,20,1
622,8,0.3
623,13,0.8
623,35,1
623,29,0.9
623,34,0.5
623,20,0.6
623,8,0.7
624,13,0.2
624,35,0.2
624,29,0.9
624,34,0.6
624,20,1
624,8,0
625,13,0.2
625,35,0.5
625,29,0.6
625,34,0
625,20,0.2
625,8,0.6
626,13,0.8
626,35,0.2
626,29,0.8
626,34,0
626,20,0.3
626,8,0.9
627,13,1
627,35,0.4
627,29,0.7
627,34,0.7
627,20,0.3
627,8,0.8
628,13,0.2
628,35,0.4
628,29,0.4
628,34,1
628,20,0.5
628,8,0.5
629,13,1
629,35,0.2
629,29,0.3
629,34,0.8
629,20,0.3
629,8,0.9
630,13,0.4
630,35,0.3
630,29,0.6
630,34,0.5
630,20,0.5
630,8,0.1
631,13,0.7
631,35,0
631,29,0.5
631,34,0.7
631,20,0.2
631,8,0.2
632,13,0
632,35,0.8
632,29,0.6
632,34,0.1
632,20,0.4
632,8,0.1
633,13,0.9
633,35,0.4
633,29,0.5
633,34,0.4
633,20,0
633,8,0.5
634,13,0.9
634,35,0.1
634,29,0.4
634,34,0.3
634,20,0.4
634,8,0.1
635,13,0.6
635,35,0.1
635,29,0.6
635,34,0.8
635,20,0.4
635,8,0
636,13,0.6
636,35,0.1
636,29,0.8
636,34,0
636,20,0.8
636,8,0.7
637,13,0
637,35,0.8
637,29,0.1
637,34,0.4
637,20,0.8
637,8,1
638,13,1
638,35,0.3
638,29,0
638,34,0.6
638,20,0.2
638,8,0.2
639,13,0.4
639,35,0.6
639,29,0.3
639,34,0.5
639,20,0.1
639,8,0.1
640,13,1
640,35,0.1
640,29,0.7
640,34,0.1
640,20,0.4
640,8,0.4
641,13,0.8
641,35,0.2
641,29,0.9
641,34,0.7
641,20,0.1
641,8,0.9
642,13,0.6
642,35,0.3
642,29,0.3
642,34,0.9
642,20,1
642,8,0.3
643,13,0.1
643,35,0.8
643,29,0
643,34,0.5
643,20,0.6
643,8,0.7
644,13,0.7
644,35,0.3
644,29,0.6
644,34,0.6
644,20,0.9
644,8,1
645,13,0.6
645,35,0.1
645,29,0.9
645,34,0.4
645,20,0.4
645,8,0.3
646,13,0.7
646,35,0.1
646,29,0.3
646,34,1
646,20,0.4
646,8,0
647,13,0.2
647,35,0.5
647,29,0.6
647,34,0.1
647,20,1
647,8,0.1
648,13,0.3
648,35,1
648,29,0
648,34,0.7
648,20,0.7
648,8,0
649,13,0.7
649,35,0.9
649,29,1
649,34,0.9
649,20,1
649,8,0.1
650,13,0.9
650,35,0.8
650,29,0.5
650,34,1
650,20,0.4
650,8,0.5
651,13,0.5
651,35,0.2
651,29,0.6
651,34,0.8
651,20,0.3
651,8,0.8
652,13,0.8
652,35,0.1
652,29,0
652,34,0.4
652,20,0.3
652,8,0.9
653,13,0
653,35,0.2
653,29,0.8
653,34,0
653,20,0.2
653,8,0.1
654,13,0
654,35,0.7
654,29,0.9
654,34,0.8
654,20,0.3
654,8,0.9
655,13,0.6
655,35,0.2
655,29,0.8
655,34,0.8
655,20,0.5
655,8,0.5
656,13,0.4
656,35,0.7
656,29,0.6
656,34,0.4
656,20,0.7
656,8,1
657,13,0.7
657,35,0.5
657,29,0.4
657,34,0.6
657,20,0.2
657,8,0.8
658,13,0.7
658,35,0.7
658,29,1
658,34,0.7
658,20,0.4
658,8,0.9
659,13,0.1
659,35,0.5
659,29,0.4
659,34,0.9
659,20,0.6
659,8,0.6
660,13,0.3
660,35,0.1
660,29,0.3
660,34,0
660,20,0.1
660,8,0
661,13,1
661,35,0
661,29,0.9
661,34,0.6
661,20,0.5
661,8,0.3
662,13,0.5
662,35,0
662,29,0.3
662,34,0.8
662,20,0.1
662,8,0.2
663,13,0.6
663,35,0.8
663,29,0.6
663,34,0.1
663,20,0.8
663,8,0.9
664,13,0.6
664,35,0.6
664,29,0.2
664,34,0.4
664,20,1
664,8,0.9
665,13,0.5
665,35,0.7
665,29,0.6
665,34,0.7
665,20,1
665,8,0.1
666,13,0.4
666,35,0.6
666,29,0.2
666,34,0.5
666,20,1
666,8,0.8
667,13,0.6
667,35,0
667,29,0.9
667,34,1
667,20,0.5
667,8,0.4
668,13,0.8
668,35,0.7
668,29,0.7
668,34,0
668,20,0.8
668,8,0.9
669,13,0.1
669,35,0.2
669,29,1
669,34,0
669,20,0.3
669,8,0
670,13,1
670,35,0.1
670,29,0.1
670,34,0.4
670,20,0.9
670,8,0.3
671,13,0.3
671,35,0.7
671,29,0.6
671,34,0.8
671,20,0.6
671,8,0.5
672,13,0.8
672,35,0.7
672,29,0.1
672,34,1
672,20,0.1
672,8,0.1
673,13,1
673,35,0.6
673,29,0.3
673,34,1
673,20,0.2
673,8,0.7
674,13,0.5
674,35,0.3
674,29,0.9
674,34,0.6
674,20,0.2
674,8,0.4
675,13,0.1
675,35,0.5
675,29,0.6
675,34,0.9
675,20,1
675,8,0.3
676,13,0
676,35,0.8
676,29,0
676,34,0.1
676,20,0.1
676,8,0.3
677,13,1
677,35,1
677,29,0.4
677,34,0.7
677,20,0.1
677,8,0.7
678,13,0.4
678,35,0
678,29,1
678,34,0.2
678,20,0.5
678,8,1
679,13,0.9
679,35,0.2
679,29,0.9
679,34,0.5
679,20,0.6
679,8,0.6
680,13,0.6
680,35,0.3
680,29,0.2
680,34,0.1
680,20,0.7
680,8,0.3
681,13,0.6
681,35,1
681,29,0.3
681,34,0.5
681,20,0.8
681,8,0
682,13,1
682,35,0.6
682,29,1
682,34,1
682,20,0
682,8,0.3
683,13,0.8
683,35,1
683,29,0.2
683,34,0.6
683,20,0.2
683,8,0.4
684,13,0.7
684,35,0.5
684,29,0.8
684,34,0.6
684,20,0.1
684,8,0.4
685,13,0.6
685,35,1
685,29,0.9
685,34,0.5
685,20,0.3
685,8,0.5
686,13,0.1
686,35,0.5
686,29,0.3
686,34,0.9
686,20,0.9
686,8,0.6
687,13,0.7
687,35,1
687,29,0.2
687,34,0.3
687,20,0.1
687,8,0.3
688,13,0.2
688,35,0.9
688,29,0.6
688,34,0.7
688,20,0.5
688,8,0.4
689,13,0.6
689,35,0.6
689,29,0.5
689,34,0.4
689,20,0.5
689,8,0.8
690,13,0.1
690,35,0.6
690,29,0
690,34,1
690,20,0.2
690,8,0.7
691,13,1
691,35,0.5
691,29,0
691,34,0.6
691,20,0.6
691,8,0.5
692,13,0.9
692,35,0.6
692,29,0.4
692,34,0.8
692,20,0.3
692,8,0.4
693,13,0.3
693,35,0
693,29,0
693,34,0.1
693,20,0.2
693,8,0.2
694,13,0.2
694,35,0.7
694,29,0.9
694,34,0.3
694,20,1
694,8,1
695,13,0.7
695,35,1
695,29,0.9
695,34,0.9
695,20,0.1
695,8,0
696,13,0.2
696,35,0
696,29,0.6
696,34,1
696,20,0.5
696,8,0.8
697,13,0.5
697,35,0.4
697,29,0.5
697,34,0.2
697,20,0.9
697,8,0.1
698,13,0.3
698,35,0.8
698,29,0.6
698,34,0.2
698,20,0.2
698,8,0.7
699,13,0.5
699,35,0.5
699,29,0.7
699,34,0.8
699,20,0.1
699,8,0.1
700,13,0
700,35,0.1
700,29,0.1
700,34,0.7
700,20,1
700,8,0.2
701,13,0.9
701,35,0.1
701,29,0.8
701,34,0.3
701,20,0
701,8,0.6
702,13,0.3
702,35,0.4
702,29,0.3
702,34,0.2
702,20,0.5
702,8,0
703,13,0.8
703,35,0.1
703,29,0.2
703,34,0.7
703,20,1
703,8,0
704,13,0.8
704,35,0.1
704,29,1
704,34,1
704,20,0.3
704,8,0.4
705,13,0.4
705,35,0.5
705,29,0.7
705,34,0.5
705,20,0.7
705,8,0.7
706,13,0.7
706,35,0.5
706,29,0
706,34,0.1
706,20,0.2
706,8,0.8
707,13,0.5
707,35,0.7
707,29,0
707,34,0.5
707,20,0.9
707,8,0.2
708,13,1
708,35,0
708,29,0.4
708,34,0.3
708,20,0.6
708,8,0.3
709,13,0.9
709,35,0.1
709,29,0.1
709,34,0
709,20,0.9
709,8,1
710,13,0
710,35,0.3
710,29,0.4
710,34,0.8
710,20,0.1
710,8,0.3
711,13,0.7
711,35,0.2
711,29,0.3
711,34,0.6
711,20,0.8
711,8,0.5
712,13,0.4
712,35,0.5
712,29,0.1
712,34,0.6
712,20,0.3
712,8,0.7
713,13,0.5
713,35,0.7
713,29,0.6
713,34,1
713,20,0.2
713,8,0.3
714,13,0
714,35,0.3
714,29,0.5
714,34,0.6
714,20,0
714,8,0.1
715,13,0.7
715,35,0.3
715,29,0.2
715,34,0.4
715,20,0.6
715,8,0.4
716,13,0.4
716,35,0.7
716,29,0.8
716,34,0.4
716,20,0.7
716,8,0.8
717,13,0.7
717,35,0.5
717,29,0.3
717,34,0.2
717,20,0.2
717,8,0.3
718,13,1
718,35,0.9
718,29,0
718,34,0
718,20,0.5
718,8,0.8
719,13,1
719,35,1
719,29,0.3
719,34,0.3
719,20,0.6
719,8,0.4
720,13,0.1
720,35,0
720,29,0.3
720,34,1
720,20,0
720,8,0.2
721,13,0.2
721,35,0.9
721,29,1
721,34,0.8
721,20,0.3
721,8,0.3
722,13,0
722,35,0.3
722,29,0.1
722,34,0.6
722,20,0.8
722,8,0.7
723,13,0
723,35,0.3
723,29,1
723,34,0.9
723,20,0.7
723,8,0.7
724,13,0.9
724,35,0.7
724,29,0.9
724,34,0.2
724,20,0.5
724,8,0
725,13,0.4
725,35,0.2
725,29,0.8
725,34,0.6
725,20,0.8
725,8,0.8
726,13,0.4
726,35,0.8
726,29,0.7
726,34,0.5
726,20,0.5
726,8,0.6
727,13,0.9
727,35,0.1
727,29,0.5
727,34,0.6
727,20,0.6
727,8,0.7
728,13,0.1
728,35,0
728,29,0.2
728,34,0.9
728,20,0
728,8,0.3
729,13,0.5
729,35,0.7
729,29,1
729,34,0.8
729,20,0.7
729,8,0.2
730,13,0
730,35,0.1
730,29,0.5
730,34,0.4
730,20,0.3
730,8,0.3
731,13,0.8
731,35,0.7
731,29,0.5
731,34,0.2
731,20,0.7
731,8,0.3
732,13,0.2
732,35,0
732,29,0.6
732,34,0.4
732,20,0.6
732,8,0.6
733,13,0.4
733,35,1
733,29,0.3
733,34,0.3
733,20,0.9
733,8,0
734,13,1
734,35,1
734,29,0.4
734,34,0.4
734,20,0.4
734,8,0.3
735,13,0.8
735,35,0.3
735,29,0.4
735,34,0.4
735,20,0.1
735,8,0
736,13,1
736,35,0
736,29,0.5
736,34,0
736,20,0.6
736,8,0.4
737,13,0.4
737,35,0.7
737,29,0.1
737,34,0.4
737,20,0.8
737,8,1
738,13,0
738,35,0.1
738,29,0.5
738,34,0.4
738,20,0.2
738,8,0.1
739,13,0
739,35,0.3
739,29,0.2
739,34,0.1
739,20,0.7
739,8,1
740,13,0.7
740,35,0
740,29,0.6
740,34,0.8
740,20,0.7
740,8,0.1
741,13,0.9
741,35,1
741,29,0.1
741,34,0
741,20,0.8
741,8,1
742,13,0.6
742,35,0.6
742,29,0.5
742,34,0.3
742,20,0.4
742,8,0.9
743,13,1
743,35,0.1
743,29,0.2
743,34,0.6
743,20,0.6
743,8,0.1
744,13,0.2
744,35,0.5
744,29,1
744,34,0.5
744,20,0.3
744,8,0.6
745,13,0.4
745,35,0.9
745,29,0.6
745,34,0.6
745,20,1
745,8,0.1
746,13,0.1
746,35,0.7
746,29,0.9
746,34,0.4
746,20,0.6
746,8,0.7
747,13,0.7
747,35,0.9
747,29,0.5
747,34,0.1
747,20,0.7
747,8,1
748,13,0.1
748,35,0.4
748,29,0.8
748,34,0.6
748,20,0.7
748,8,0.3
749,13,0.4
749,35,0.7
749,29,0.3
749,34,0.8
749,20,1
749,8,0.2
750,13,0.1
750,35,1
750,29,0.8
750,34,0.5
750,20,0.7
750,8,0.6
751,13,0.8
751,35,0.5
751,29,0.6
751,34,0.9
751,20,0.4
751,8,0.1
752,13,0.5
752,35,0.5
752,29,0.8
752,34,0
752,20,0.1
752,8,0.3
753,13,0.1
753,35,0.3
753,29,0
753,34,0.6
753,20,0.1
753,8,0.5
754,13,0.1
754,35,0.4
754,29,0.4
754,34,1
754,20,0.7
754,8,0.8
755,13,0.9
755,35,0.1
755,29,0.6
755,34,1
755,20,0.5
755,8,0.2
756,13,0.5
756,35,0.6
756,29,1
756,34,0.6
756,20,0.9
756,8,0.7
757,13,0.7
757,35,0.7
757,29,0
757,34,0.3
757,20,0.5
757,8,0.4
758,13,0.8
758,35,0.3
758,29,0.5
758,34,0.7
758,20,0.1
758,8,0
759,13,0.7
759,35,0.4
759,29,0.1
759,34,0.1
759,20,0.4
759,8,0.8
760,13,0.9
760,35,0.4
760,29,0.4
760,34,0.1
760,20,0.1
760,8,0.2
761,13,0.7
761,35,0.2
761,29,0.9
761,34,0.9
761,20,0.3
761,8,0.8
762,13,0.9
762,35,0.3
762,29,0.7
762,34,0.7
762,20,1
762,8,0.8
763,13,0.1
763,35,0.6
763,29,0.2
763,34,0.9
763,20,1
763,8,0.7
764,13,0.1
764,35,0.7
764,29,0.6
764,34,0.6
764,20,0.1
764,8,0
765,13,0
765,35,0.7
765,29,0.2
765,34,1
765,20,0.4
765,8,0.5
766,13,0.7
766,35,0.1
766,29,0.7
766,34,0.2
766,20,0.7
766,8,0.3
767,13,0.3
767,35,0.8
767,29,0.8
767,34,0.9
767,20,1
767,8,0.2
768,13,0.9
768,35,0.4
768,29,0.1
768,34,0.5
768,20,0.6
768,8,1
769,13,0.8
769,35,0.3
769,29,0.2
769,34,0.8
769,20,0.8
769,8,1
770,13,0.2
770,35,0.7
770,29,0.9
770,34,0.6
770,20,0.4
770,8,0.9
771,13,0.5
771,35,0.7
771,29,0.7
771,34,0.2
771,20,0
771,8,0.7
772,13,0.8
772,35,0.1
772,29,0.2
772,34,0.8
772,20,0.2
772,8,0.5
773,13,0.7
773,35,0.5
773,29,0.5
773,34,0.8
773,20,0.6
773,8,0.6
774,13,0.7
774,35,1
774,29,0.3
774,34,0.6
774,20,0.9
774,8,0.9
775,13,0.1
775,35,0.8
775,29,0.5
775,34,1
775,20,0.5
775,8,0.7
776,13,0.3
776,35,0.8
776,29,0.3
776,34,0.4
776,20,0.9
776,8,0.7
777,13,0.8
777,35,0.1
777,29,0.8
777,34,0.1
777,20,0.6
777,8,0.9
778,13,0.3
778,35,0.4
778,29,0.5
778,34,0.2
778,20,0.7
778,8,0.2
779,13,0.8
779,35,0.1
779,29,0.7
779,34,0.2
779,20,0.4
779,8,0.6
780,13,0.7
780,35,0.7
780,29,0.6
780,34,0.5
780,20,0.5
780,8,0.4
781,13,0.4
781,35,0.5
781,29,0.4
781,34,0.9
781,20,0.8
781,8,0.8
782,13,0.9
782,35,0.3
782,29,0.7
782,34,0.3
782,20,1
782,8,1
783,13,0.7
783,35,0.2
783,29,0.8
783,34,0.8
783,20,1
783,8,0.9
784,13,0.6
784,35,0
784,29,0.2
784,34,0
784,20,1
784,8,0.2
785,13,0.3
785,35,0.8
785,29,0
785,34,0
785,20,0.8
785,8,0.2
786,13,0
786,35,0.5
786,29,0.4
786,34,0.8
786,20,0.7
786,8,0.4
787,13,0
787,35,0.9
787,29,0.3
787,34,0.6
787,20,0
787,8,0.6
788,13,0.5
788,35,1
788,29,0.2
788,34,0.2
788,20,0.6
788,8,0.1
789,13,0.3
789,35,0.5
789,29,1
789,34,0.9
789,20,0.8
789,8,0
790,13,0.4
790,35,0.2
790,29,0.8
790,34,0.2
790,20,0.1
790,8,0.2
791,13,0.8
791,35,0.6
791,29,0.6
791,34,1
791,20,0.4
791,8,0.9
792,13,0.4
792,35,0.7
792,29,0
792,34,0.4
792,20,0.9
792,8,0.9
793,13,0.9
793,35,0.6
793,29,0.1
793,34,1
793,20,0.7
793,8,0.6
794,13,0.4
794,35,0.3
794,29,0.3
794,34,0.2
794,20,0.6
794,8,0
795,13,0.9
795,35,0.9
795,29,0.6
795,34,0
795,20,1
795,8,0.8
796,13,0.1
796,35,0
796,29,0.7
796,34,0.2
796,20,1
796,8,0.5
797,13,1
797,35,0.6
797,29,0.4
797,34,0.6
797,20,0
797,8,0.8
798,13,0.4
798,35,0.9
798,29,0.6
798,34,0.1
798,20,0
798,8,0.7
799,13,1
799,35,0.4
799,29,0.9
799,34,0.3
799,20,0.7
799,8,1
800,13,0.5
800,35,0
800,29,0.5
800,34,0.8
800,20,0.7
800,8,1
801,13,0.8
801,35,0.2
801,29,0.3
801,34,0.4
801,20,0.2
801,8,0.2
802,13,0.7
802,35,0.1
802,29,0.9
802,34,0.9
802,20,0.2
802,8,0.8
803,13,0.4
803,35,0.7
803,29,0.9
803,34,0.7
803,20,0.2
803,8,1
804,13,0.8
804,35,1
804,29,0.8
804,34,0.5
804,20,1
804,8,0.8
805,13,0.6
805,35,0.9
805,29,0.6
805,34,0.7
805,20,0
805,8,0.6
806,13,0.3
806,35,1
806,29,0.7
806,34,0.7
806,20,0.6
806,8,0.2
807,13,0.2
807,35,0.1
807,29,0.5
807,34,1
807,20,0.9
807,8,0.2
808,13,0.6
808,35,0.1
808,29,0.6
808,34,0.1
808,20,0.8
808,8,0.4
809,13,1
809,35,0.4
809,29,0.7
809,34,0.9
809,20,0.7
809,8,1
810,13,0.1
810,35,0.7
810,29,0.5
810,34,0.2
810,20,0.2
810,8,0.9
811,13,0.4
811,35,0.2
811,29,0.6
811,34,0.3
811,20,0.2
811,8,0.8
812,13,0.3
812,35,0.1
812,29,0.3
812,34,0.1
812,20,0.7
812,8,0.3
813,13,0.5
813,35,0.3
813,29,0.1
813,34,0.1
813,20,0.9
813,8,0.9
814,13,0.9
814,35,0.2
814,29,0.4
814,34,0.5
814,20,0.7
814,8,0.2
815,13,0.5
815,35,0
815,29,1
815,34,0.9
815,20,0.4
815,8,0.5
816,13,0.7
816,35,0.7
816,29,0.1
816,34,0.3
816,20,0.8
816,8,0.4
817,13,1
817,35,0.1
817,29,0.2
817,34,0.7
817,20,0.6
817,8,0.8
818,13,0
818,35,0
818,29,0.9
818,34,0.5
818,20,0.1
818,8,0.7
819,13,0
819,35,0.4
819,29,0.9
819,34,0.2
819,20,1
819,8,0.1
820,13,0.8
820,35,0.3
820,29,0.2
820,34,0.1
820,20,0.8
820,8,0.4
821,13,0.5
821,35,0
821,29,0.4
821,34,0.1
821,20,1
821,8,1
822,13,0.1
822,35,0.4
822,29,0.6
822,34,0.1
822,20,1
822,8,0.1
823,13,0.7
823,35,0.2
823,29,0.9
823,34,0.3
823,20,0.4
823,8,0.3
824,13,0.3
824,35,0.8
824,29,0.5
824,34,1
824,20,0.7
824,8,0.9
825,13,0.5
825,35,0.9
825,29,0.5
825,34,0.4
825,20,0.4
825,8,0.6
826,13,0.5
826,35,0.6
826,29,0.4
826,34,0.1
826,20,0.1
826,8,1
827,13,0.4
827,35,0.5
827,29,0.7
827,34,0.3
827,20,0.8
827,8,0.2
828,13,0.9
828,35,0
828,29,0.2
828,34,0.1
828,20,0
828,8,0.7
829,13,0.9
829,35,0.7
829,29,0.9
829,34,0.9
829,20,0.9
829,8,0.1
830,13,0.9
830,35,0.6
830,29,0.1
830,34,0
830,20,0
830,8,0.7
831,13,0.3
831,35,0
831,29,0.2
831,34,0.9
831,20,0
831,8,0.9
832,13,0.8
832,35,0.8
832,29,0.9
832,34,0
832,20,0.1
832,8,0.1
833,13,0.7
833,35,0.5
833,29,0.7
833,34,0.1
833,20,0.6
833,8,0
834,13,1
834,35,0.6
834,29,0.6
834,34,0.7
834,20,0.5
834,8,1
835,13,0.5
835,35,0.6
835,29,0.6
835,34,0.9
835,20,0.9
835,8,0.1
836,13,0.2
836,35,0.6
836,29,0.4
836,34,0.5
836,20,0.9
836,8,0.9
837,13,0.6
837,35,0.4
837,29,0.8
837,34,0.1
837,20,0.5
837,8,0.2
838,13,0.7
838,35,0
838,29,0.2
838,34,0.6
838,20,0.5
838,8,0.1
839,13,0.1
839,35,0.9
839,29,0.9
839,34,1
839,20,0.5
839,8,0.4
840,13,0.4
840,35,0.5
840,29,0.1
840,34,0.2
840,20,0.4
840,8,0.9
841,13,0.9
841,35,0.3
841,29,0
841,34,0.8
841,20,0.8
841,8,0
842,13,0.4
842,35,0.2
842,29,0.1
842,34,0.2
842,20,0.1
842,8,0.5
843,13,0.9
843,35,0.4
843,29,0
843,34,0.1
843,20,0.5
843,8,0.2
844,13,1
844,35,0.3
844,29,0.5
844,34,0.1
844,20,0.9
844,8,0.8
845,13,0.2
845,35,0.7
845,29,0.8
845,34,0.1
845,20,0.4
845,8,0.3
846,13,0.6
846,35,0.5
846,29,0.8
846,34,0.1
846,20,0.2
846,8,0.5
847,13,0.4
847,35,0.6
847,29,0.9
847,34,0.7
847,20,0.8
847,8,0.3
848,13,0.4
848,35,0.7
848,29,0.4
848,34,0.9
848,20,0.9
848,8,0.6
849,13,0.7
849,35,0.2
849,29,0.4
849,34,0.9
849,20,0
849,8,0.6
850,13,0.4
850,35,0
850,29,1
850,34,0.1
850,20,0.5
850,8,0.4
851,13,0.1
851,35,0.5
851,29,0
851,34,0.5
851,20,0.8
851,8,0.7
852,13,0.9
852,35,1
852,29,0.4
852,34,1
852,20,1
852,8,0.3
853,13,1
853,35,0.1
853,29,0.8
853,34,0
853,20,0.3
853,8,0.3
854,13,0.5
854,35,0.4
854,29,0.5
854,34,0.3
854,20,0.4
854,8,0.9
855,13,0.5
855,35,0.5
855,29,0.9
855,34,0.3
855,20,0.9
855,8,0.9
856,13,0.8
856,35,0
856,29,0.4
856,34,0.4
856,20,1
856,8,0.3
857,13,0.1
857,35,0.7
857,29,0
857,34,1
857,20,1
857,8,0.9
858,13,0.2
858,35,0.6
858,29,1
858,34,0.4
858,20,0.9
858,8,0.6
859,13,0
859,35,0.8
859,29,0.8
859,34,0.6
859,20,0.3
859,8,0.7
860,13,0.1
860,35,1
860,29,0.4
860,34,0.5
860,20,0.2
860,8,0.9
861,13,0.8
861,35,0.6
861,29,0.5
861,34,0.7
861,20,0.3
861,8,0.8
862,13,0.1
862,35,0.6
862,29,0.9
862,34,0.1
862,20,1
862,8,0.9
863,13,0.4
863,35,0.2
863,29,0.1
863,34,0.3
863,20,1
863,8,0
864,13,0.5
864,35,0
864,29,0.8
864,34,1
864,20,0.3
864,8,0.9
865,13,0.9
865,35,0.8
865,29,0.6
865,34,0.4
865,20,0.5
865,8,0.2
866,13,0.6
866,35,0.5
866,29,0.2
866,34,0.7
866,20,0.3
866,8,0.8
867,13,0.6
867,35,0.4
867,29,0
867,34,0.2
867,20,0.7
867,8,1
868,13,0.2
868,35,0.2
868,29,1
868,34,0.2
868,20,0
868,8,0.3
869,13,0
869,35,0.1
869,29,0.4
869,34,0.6
869,20,0.8
869,8,0.6
870,13,0.8
870,35,0.9
870,29,0.7
870,34,0.8
870,20,0.2
870,8,0.1
871,13,0.3
871,35,0.9
871,29,1
871,34,0.3
871,20,0.6
871,8,1
872,13,0.9
872,35,1
872,29,0.8
872,34,0.4
872,20,0
872,8,0
873,13,1
873,35,0.8
873,29,0.5
873,34,0.2
873,20,0.8
873,8,0.6
874,13,0.6
874,35,0.7
874,29,0.8
874,34,0.6
874,20,0.6
874,8,1
875,13,0.9
875,35,1
875,29,0.7
875,34,0
875,20,0.7
875,8,0.5
876,13,0.1
876,35,0.7
876,29,0.2
876,34,0.3
876,20,0.7
876,8,0.5
877,13,0.1
877,35,0.7
877,29,0.5
877,34,0.6
877,20,0.1
877,8,0.3
878,13,0.3
878,35,0.9
878,29,0.1
878,34,0.5
878,20,0.3
878,8,0.4
879,13,0.1
879,35,0
879,29,0
879,34,1
879,20,0.8
879,8,0.8
880,13,0
880,35,0.8
880,29,0.3
880,34,0.7
880,20,0.6
880,8,0.6
881,13,0.3
881,35,0.9
881,29,0.7
881,34,0.2
881,20,1
881,8,0.8
882,13,0.4
882,35,0.6
882,29,0.6
882,34,0
882,20,0.2
882,8,0.1
883,13,0.2
883,35,0.9
883,29,0.6
883,34,0.9
883,20,0.4
883,8,0.8
884,13,0
884,35,0
884,29,0.1
884,34,0.5
884,20,0.5
884,8,0.9
885,13,0.2
885,35,0.9
885,29,0.2
885,34,0.4
885,20,0.5
885,8,0.9
886,13,0
886,35,0.2
886,29,0.3
886,34,0.6
886,20,0.3
886,8,0.1
887,13,0.1
887,35,1
887,29,0.6
887,34,0
887,20,1
887,8,0.1
888,13,0.6
888,35,0.6
888,29,0
888,34,1
888,20,0.5
888,8,0.2
889,13,0.5
889,35,0
889,29,0.8
889,34,0.4
889,20,0
889,8,0.5
890,13,0.2
890,35,0.3
890,29,0.8
890,34,0.3
890,20,0.9
890,8,0.7
891,13,1
891,35,0.4
891,29,0.2
891,34,0.7
891,20,0.2
891,8,0.4
892,13,0.3
892,35,0.1
892,29,0
892,34,0.7
892,20,0.5
892,8,0.3
893,13,0.4
893,35,0.4
893,29,1
893,34,0.6
893,20,0.9
893,8,1
894,13,1
894,35,0
894,29,0.9
894,34,0.4
894,20,0.3
894,8,0.4
895,13,0.9
895,35,0.7
895,29,0.4
895,34,0.7
895,20,0.9
895,8,0.4
896,13,0.4
896,35,0.3
896,29,0.7
896,34,0
896,20,0.9
896,8,0
897,13,1
897,35,0.5
897,29,0.3
897,34,0.5
897,20,0.1
897,8,0.1
898,13,0.9
898,35,0
898,29,1
898,34,0.9
898,20,0.3
898,8,0.8
899,13,0
899,35,0.2
899,29,0.2
899,34,0.9
899,20,0.4
899,8,0.2
900,13,0.1
900,35,0.2
900,29,1
900,34,0.5
900,20,0.8
900,8,0.1
901,13,0
901,35,0.1
901,29,0
901,34,0.2
901,20,0.2
901,8,0.9
902,13,0.4
902,35,0.5
902,29,0.3
902,34,0.2
902,20,0.6
902,8,1
903,13,0.3
903,35,0.2
903,29,0.7
903,34,0.7
903,20,0.4
903,8,0
904,13,0.6
904,35,1
904,29,0.8
904,34,0
904,20,0.9
904,8,0.2
905,13,0.2
905,35,0.5
905,29,0.2
905,34,0.4
905,20,0.4
905,8,0.7
906,13,0.7
906,35,0.4
906,29,0.1
906,34,0.3
906,20,0.9
906,8,0.7
907,13,0.6
907,35,0.5
907,29,0.8
907,34,0.7
907,20,0.4
907,8,0.1
908,13,1
908,35,0.8
908,29,0.8
908,34,0.1
908,20,0.2
908,8,0.6
909,13,0.5
909,35,0.9
909,29,0.1
909,34,0.8
909,20,0.8
909,8,0.1
910,13,0.8
910,35,0.1
910,29,0.3
910,34,0.7
910,20,0.4
910,8,0.4
911,13,1
911,35,0.3
911,29,0.7
911,34,0.6
911,20,0.4
911,8,0.5
912,13,0
912,35,0
912,29,0
912,34,0.7
912,20,0.2
912,8,1
913,13,0.1
913,35,0.7
913,29,0.3
913,34,0.9
913,20,0.1
913,8,0.5
914,13,0.8
914,35,0.9
914,29,0.1
914,34,0
914,20,0.2
914,8,0.6
915,13,0.7
915,35,0.6
915,29,0
915,34,0.9
915,20,0.5
915,8,0.6
916,13,0.4
916,35,1
916,29,0
916,34,0.1
916,20,0.6
916,8,0.5
917,13,0.1
917,35,0.9
917,29,0.2
917,34,0.2
917,20,0.9
917,8,0.1
918,13,0.3
918,35,0.2
918,29,0.8
918,34,0.6
918,20,0.3
918,8,0.3
919,13,0
919,35,0
919,29,0.2
919,34,0.7
919,20,0.6
919,8,0.3
920,13,0.3
920,35,0.9
920,29,0.3
920,34,0.8
920,20,0.5
920,8,0.1
921,13,0.5
921,35,0.9
921,29,0.9
921,34,0.9
921,20,0.9
921,8,0.8
922,13,0.8
922,35,0.1
922,29,0.7
922,34,1
922,20,0.6
922,8,0.9
923,13,0.1
923,35,0.3
923,29,0.1
923,34,0.4
923,20,0
923,8,0.9
924,13,0.5
924,35,0.4
924,29,1
924,34,1
924,20,0.3
924,8,0.3
925,13,0.3
925,35,0.5
925,29,0.6
925,34,0.6
925,20,0
925,8,0
926,13,0.9
926,35,0.2
926,29,0.7
926,34,0.9
926,20,1
926,8,0.4
927,13,0.6
927,35,0
927,29,0.9
927,34,0.9
927,20,0.3
927,8,1
928,13,0.2
928,35,0.3
928,29,0
928,34,0.4
928,20,1
928,8,0.2
929,13,0.6
929,35,0.2
929,29,0.4
929,34,0.3
929,20,0.1
929,8,0.7
930,13,0.8
930,35,0.1
930,29,0
930,34,1
930,20,0.2
930,8,0.9
931,13,0.8
931,35,0.4
931,29,1
931,34,0.9
931,20,0.5
931,8,0.7
932,13,0.9
932,35,0.6
932,29,0
932,34,0.4
932,20,0.9
932,8,1
933,13,0.1
933,35,0.9
933,29,0.8
933,34,0.3
933,20,0.7
933,8,0.5
934,13,0.6
934,35,0.6
934,29,0
934,34,1
934,20,0.5
934,8,1
935,13,0.2
935,35,0.8
935,29,0
935,34,0.7
935,20,0.9
935,8,0.8
936,13,0.7
936,35,0.9
936,29,0.5
936,34,0.2
936,20,0.4
936,8,0.4
937,13,0.1
937,35,1
937,29,0.1
937,34,1
937,20,0
937,8,0
938,13,1
938,35,0.2
938,29,1
938,34,0.4
938,20,0.8
938,8,0.2
939,13,1
939,35,0.5
939,29,0.3
939,34,0.5
939,20,0.9
939,8,0
940,13,0.3
940,35,0.9
940,29,0
940,34,0.1
940,20,0.5
940,8,0.8
941,13,0.3
941,35,0.1
941,29,0.7
941,34,0.4
941,20,0.7
941,8,0.9
942,13,0.9
942,35,0.6
942,29,0.5
942,34,0.1
942,20,1
942,8,0.9
943,13,0.9
943,35,0
943,29,1
943,34,0
943,20,0.6
943,8,0.9
944,13,0.7
944,35,0.3
944,29,0
944,34,0.7
944,20,0
944,8,0.2
945,13,0.4
945,35,0.1
945,29,0.8
945,34,0.7
945,20,0.1
945,8,0.1
946,13,0.1
946,35,0.2
946,29,0.1
946,34,0.9
946,20,0.3
946,8,0.9
947,13,0.9
947,35,0.1
947,29,0.4
947,34,0.8
947,20,0.1
947,8,1
948,13,0.2
948,35,0.5
948,29,0.2
948,34,0.7
948,20,0.7
948,8,0.8
949,13,0
949,35,1
949,29,0.4
949,34,0.8
949,20,1
949,8,1
950,13,0.3
950,35,0.1
950,29,0.4
950,34,0.2
950,20,0.3
950,8,0.7
951,13,0.9
951,35,0.4
951,29,0.3
951,34,0.5
951,20,1
951,8,0.4
952,13,0.7
952,35,0.6
952,29,0.4
952,34,0.6
952,20,0.8
952,8,0.4
953,13,0
953,35,0.3
953,29,0.2
953,34,1
953,20,0.9
953,8,0.6
954,13,0.4
954,35,0.6
954,29,0.4
954,34,0.6
954,20,1
954,8,0.3
955,13,0.4
955,35,0.8
955,29,0.5
955,34,0.3
955,20,0.6
955,8,0.6
956,13,0.8
956,35,0.7
956,29,0.7
956,34,0.8
956,20,1
956,8,0.9
957,13,0.5
957,35,0.5
957,29,0.8
957,34,0.1
957,20,0.9
957,8,0.5
958,13,0
958,35,0.4
958,29,0.4
958,34,0.1
958,20,0.4
958,8,0.2
959,13,0.8
959,35,0
959,29,0.4
959,34,0.6
959,20,0.3
959,8,0.4
960,13,0.1
960,35,1
960,29,0.1
960,34,0.3
960,20,0.4
960,8,0.7
961,13,0.6
961,35,0
961,29,0.2
961,34,0.3
961,20,0.8
961,8,0.7
962,13,0.8
962,35,0.4
962,29,0.1
962,34,0.7
962,20,1
962,8,0.6
963,13,0.7
963,35,0.6
963,29,0.6
963,34,1
963,20,0.4
963,8,0.3
964,13,0
964,35,0.3
964,29,0.3
964,34,0.2
964,20,0.8
964,8,0.9
965,13,0.7
965,35,0.9
965,29,0.6
965,34,0
965,20,0.8
965,8,0.6
966,13,0.6
966,35,0.3
966,29,0.6
966,34,0
966,20,0.7
966,8,0.4
967,13,0.7
967,35,0.3
967,29,0.8
967,34,0.6
967,20,0.1
967,8,0.9
968,13,0.1
968,35,0.8
968,29,0.9
968,34,0.4
968,20,0.7
968,8,0.4
969,13,0.5
969,35,0.2
969,29,0
969,34,1
969,20,0.1
969,8,0.2
970,13,1
970,35,0.8
970,29,0.5
970,34,0.2
970,20,1
970,8,0.5
971,13,0.2
971,35,0.5
971,29,0.8
971,34,0.1
971,20,0.9
971,8,0.1
972,13,0.4
972,35,0.2
972,29,0.4
972,34,0.3
972,20,0.3
972,8,0.9
973,13,0.2
973,35,0.1
973,29,0.8
973,34,0
973,20,0.5
973,8,0.1
974,13,0.2
974,35,0.9
974,29,0.6
974,34,0.9
974,20,0
974,8,0.9
975,13,0.3
975,35,0.8
975,29,0
975,34,0
975,20,0.5
975,8,0.5
976,13,1
976,35,0.8
976,29,0.2
976,34,1
976,20,0.1
976,8,0.3
977,13,0
977,35,0.6
977,29,1
977,34,0.4
977,20,0
977,8,0.6
978,13,0.5
978,35,1
978,29,0.3
978,34,0.3
978,20,0.6
978,8,0.9
979,13,0.5
979,35,0.5
979,29,0.3
979,34,0.8
979,20,0.7
979,8,0.7
980,13,1
980,35,0.6
980,29,0.6
980,34,0.8
980,20,0.2
980,8,0.5
981,13,0.3
981,35,0.8
981,29,0.6
981,34,0.1
981,20,0.5
981,8,0.3
982,13,0.5
982,35,0.1
982,29,0.4
982,34,0.7
982,20,0.1
982,8,0.4
983,13,0
983,35,0.3
983,29,0.5
983,34,0.1
983,20,0.2
983,8,0.7
984,13,0.3
984,35,0.5
984,29,0.5
984,34,0.3
984,20,0.3
984,8,1
985,13,0.1
985,35,0.4
985,29,0.8
985,34,0.8
985,20,0.4
985,8,0.5
986,13,0.2
986,35,0.5
986,29,0.9
986,34,0.6
986,20,1
986,8,1
987,13,0.5
987,35,0.9
987,29,0.7
987,34,0.8
987,20,0.4
987,8,0.6
988,13,0.8
988,35,0.3
988,29,0.5
988,34,0.8
988,20,0.8
988,8,0.5
989,13,0.8
989,35,1
989,29,0.9
989,34,1
989,20,0.4
989,8,0.1
990,13,0.1
990,35,0
990,29,1
990,34,0.3
990,20,0.3
990,8,0.5
991,13,0.7
991,35,0.8
991,29,0.5
991,34,1
991,20,0.7
991,8,0.9
992,13,0.8
992,35,0.5
992,29,0.7
992,34,0.7
992,20,0
992,8,0.3
993,13,0.3
993,35,0.2
993,29,0.8
993,34,0.9
993,20,0
993,8,0.1
994,13,0.5
994,35,0.1
994,29,1
994,34,0.8
994,20,0.5
994,8,0.9
995,13,1
995,35,0.5
995,29,0.9
995,34,0
995,20,0.8
995,8,0.1
996,13,0.8
996,35,0
996,29,0.3
996,34,0.9
996,20,0.4
996,8,1
997,13,0.4
997,35,0
997,29,0.7
997,34,0.7
997,20,0.3
997,8,0.7
998,13,1
998,35,0.1
998,29,0.6
998,34,0.5
998,20,0.4
998,8,0.9
999,13,0
999,35,0.8
999,29,0.1
999,34,0.8
999,20,0.3
999,8,0.1
1000,13,0.9
1000,35,0.2
1000,29,0.2
1000,34,1
1000,20,0.7
1000,8,0.3
