user_id,publisher_id,relevance
1,1,0.1
1,2,0.9
1,3,1
1,4,0.5
1,5,0
2,1,0
2,2,0.1
2,3,0.6
2,4,0.5
2,5,1
3,1,0.7
3,2,0.2
3,3,0.6
3,4,0.3
3,5,0.7
4,1,0.8
4,2,0.4
4,3,0.6
4,4,0.3
4,5,0.7
5,1,0.3
5,2,0.8
5,3,0.7
5,4,0.3
5,5,0.2
6,1,0
6,2,0.1
6,3,0.9
6,4,0.5
6,5,0.8
7,1,0.2
7,2,0.2
7,3,0.6
7,4,0.8
7,5,0.2
8,1,1
8,2,0.6
8,3,0.3
8,4,0
8,5,0.5
9,1,0.6
9,2,0
9,3,1
9,4,0.9
9,5,0.7
10,1,0.4
10,2,0.3
10,3,1
10,4,0.6
10,5,0.5
11,1,0.7
11,2,0
11,3,0.2
11,4,0.1
11,5,1
12,1,0
12,2,0.9
12,3,0.6
12,4,0.5
12,5,0.6
13,1,0.7
13,2,0.1
13,3,1
13,4,0.5
13,5,0.5
14,1,0.1
14,2,0
14,3,1
14,4,0.1
14,5,0.1
15,1,0.7
15,2,0.5
15,3,1
15,4,0.4
15,5,1
16,1,0.1
16,2,0.3
16,3,1
16,4,0.6
16,5,0.1
17,1,0.4
17,2,0.3
17,3,0.7
17,4,0.7
17,5,0.7
18,1,0.6
18,2,1
18,3,0.9
18,4,0.7
18,5,0
19,1,0.8
19,2,0.9
19,3,0.7
19,4,0.4
19,5,0.6
20,1,0.6
20,2,0.3
20,3,0
20,4,0
20,5,0.1
21,1,0.4
21,2,0.1
21,3,0.4
21,4,0.3
21,5,0.5
22,1,0.6
22,2,0.3
22,3,0
22,4,0.2
22,5,0.5
23,1,0.2
23,2,0.2
23,3,0.8
23,4,0.7
23,5,0.6
24,1,0.7
24,2,0.4
24,3,1
24,4,0.9
24,5,0.2
25,1,0.5
25,2,0.4
25,3,1
25,4,0.5
25,5,0.8
26,1,0.2
26,2,0.3
26,3,0.5
26,4,0
26,5,0.5
27,1,0.7
27,2,0.2
27,3,0.9
27,4,0.8
27,5,0.7
28,1,0.3
28,2,0.6
28,3,0.7
28,4,0.4
28,5,0.1
29,1,0.8
29,2,1
29,3,0.9
29,4,0.1
29,5,0.9
30,1,0.9
30,2,0.9
30,3,1
30,4,1
30,5,0.9
31,1,0.3
31,2,0.8
31,3,0.8
31,4,0
31,5,0.9
32,1,1
32,2,0.4
32,3,0.2
32,4,0.5
32,5,0.8
33,1,0.9
33,2,0
33,3,0.3
33,4,0.5
33,5,1
34,1,0
34,2,0.5
34,3,0.2
34,4,0.8
34,5,0.4
35,1,0
35,2,0.8
35,3,0.7
35,4,0.7
35,5,1
36,1,0.7
36,2,0.5
36,3,1
36,4,0.2
36,5,0
37,1,0.4
37,2,1
37,3,0.8
37,4,0.3
37,5,0.1
38,1,0
38,2,0.1
38,3,0.3
38,4,0.4
38,5,0
39,1,0.7
39,2,0
39,3,0.4
39,4,0.2
39,5,0.4
40,1,0.8
40,2,0.6
40,3,0.1
40,4,0.7
40,5,0.9
41,1,0.7
41,2,0.7
41,3,0.4
41,4,0.4
41,5,0.5
42,1,0.2
42,2,0
42,3,0.3
42,4,0.3
42,5,0.1
43,1,0.3
43,2,1
43,3,0.4
43,4,0.9
43,5,0.9
44,1,0.1
44,2,0.4
44,3,0
44,4,0.1
44,5,0.6
45,1,0.3
45,2,0.8
45,3,0.6
45,4,0.2
45,5,0.2
46,1,1
46,2,0
46,3,0.1
46,4,0.1
46,5,0.1
47,1,0.8
47,2,0.1
47,3,0.5
47,4,1
47,5,0.2
48,1,1
48,2,0.5
48,3,0.5
48,4,0
48,5,0
49,1,1
49,2,0.4
49,3,0.4
49,4,0.3
49,5,0.4
50,1,0.4
50,2,0.5
50,3,1
50,4,0.5
50,5,1
51,1,0.7
51,2,0
51,3,0.9
51,4,0
51,5,0.4
52,1,0.3
52,2,0.8
52,3,0.2
52,4,0
52,5,1
53,1,1
53,2,0.5
53,3,0.2
53,4,1
53,5,0.5
54,1,0.6
54,2,0.4
54,3,0.5
54,4,0.4
54,5,0.7
55,1,0.3
55,2,1
55,3,0.3
55,4,0.4
55,5,0.5
56,1,0.2
56,2,0.6
56,3,0.9
56,4,0.5
56,5,0.2
57,1,0.8
57,2,0.8
57,3,0.5
57,4,0.2
57,5,0.2
58,1,0.8
58,2,1
58,3,0.3
58,4,0
58,5,0.9
59,1,0.6
59,2,0.6
59,3,0.6
59,4,0.9
59,5,1
60,1,0
60,2,0
60,3,0.5
60,4,0.9
60,5,0.8
61,1,0.6
61,2,0.2
61,3,0.4
61,4,0.1
61,5,0.6
62,1,0
62,2,0.4
62,3,0.8
62,4,0.3
62,5,1
63,1,0.6
63,2,0.2
63,3,0.5
63,4,0.8
63,5,0.8
64,1,0.9
64,2,0.7
64,3,0.5
64,4,0.7
64,5,0.3
65,1,0.5
65,2,0.8
65,3,0.1
65,4,0.3
65,5,0.1
66,1,0.8
66,2,0
66,3,0.4
66,4,0.8
66,5,0.2
67,1,0
67,2,0
67,3,0.4
67,4,0.1
67,5,0.2
68,1,0
68,2,0.7
68,3,1
68,4,0.3
68,5,0.3
69,1,1
69,2,1
69,3,0.3
69,4,0.1
69,5,0.9
70,1,0
70,2,0.8
70,3,0
70,4,0.1
70,5,0
71,1,0.6
71,2,0.6
71,3,0.4
71,4,0
71,5,0.8
72,1,0.4
72,2,1
72,3,0
72,4,0.3
72,5,0.7
73,1,0
73,2,0.9
73,3,0.5
73,4,0.4
73,5,0.2
74,1,0.6
74,2,0.4
74,3,0.6
74,4,0.3
74,5,1
75,1,0.3
75,2,0.7
75,3,0.6
75,4,0.2
75,5,1
76,1,0.7
76,2,0.9
76,3,0.3
76,4,0.4
76,5,0.8
77,1,0.4
77,2,0.4
77,3,0.6
77,4,0.4
77,5,0.6
78,1,1
78,2,0.9
78,3,0.3
78,4,0.2
78,5,0.7
79,1,0.3
79,2,0.3
79,3,0.4
79,4,0.6
79,5,0
80,1,0.4
80,2,0.4
80,3,0.3
80,4,0.6
80,5,0.1
81,1,0.6
81,2,0.4
81,3,0.5
81,4,0.2
81,5,0.9
82,1,0.7
82,2,0.5
82,3,0.1
82,4,0.6
82,5,0.3
83,1,0.8
83,2,0.2
83,3,0.4
83,4,0.1
83,5,0
84,1,0.6
84,2,1
84,3,0.4
84,4,0
84,5,0.2
85,1,0.3
85,2,0.4
85,3,0.1
85,4,0.5
85,5,0.6
86,1,0.9
86,2,0.2
86,3,0.8
86,4,0.5
86,5,0.8
87,1,0.3
87,2,1
87,3,0.5
87,4,0.4
87,5,1
88,1,0.2
88,2,1
88,3,0.4
88,4,0
88,5,0.4
89,1,0.9
89,2,1
89,3,0.7
89,4,0.1
89,5,0
90,1,0.6
90,2,0.2
90,3,0.4
90,4,0.9
90,5,0.9
91,1,0.2
91,2,0.9
91,3,0.7
91,4,0.4
91,5,0.3
92,1,0.5
92,2,0.3
92,3,0.2
92,4,0.9
92,5,0
93,1,0.7
93,2,0.6
93,3,0.8
93,4,0
93,5,0
94,1,0.1
94,2,0.9
94,3,0.2
94,4,0.5
94,5,0.4
95,1,0.5
95,2,0.9
95,3,1
95,4,0.5
95,5,0.4
96,1,1
96,2,0.5
96,3,0.7
96,4,1
96,5,0.4
97,1,0.5
97,2,0.4
97,3,0.3
97,4,0.8
97,5,0.7
98,1,0.2
98,2,0.1
98,3,0.3
98,4,0.5
98,5,0.5
99,1,0.3
99,2,0.5
99,3,0.5
99,4,0.4
99,5,0.7
100,1,0.7
100,2,0.5
100,3,0.4
100,4,0.3
100,5,0.5
101,1,0.3
101,2,1
101,3,0.4
101,4,1
101,5,0.2
102,1,1
102,2,0.4
102,3,1
102,4,0.8
102,5,0.4
103,1,0.1
103,2,1
103,3,0.8
103,4,0.3
103,5,0.2
104,1,0.8
104,2,0
104,3,0.4
104,4,0.8
104,5,0.4
105,1,0.9
105,2,0.6
105,3,0.1
105,4,0.5
105,5,0.7
106,1,0.4
106,2,0.2
106,3,0
106,4,0.1
106,5,0.9
107,1,0.5
107,2,0.1
107,3,0.3
107,4,0.6
107,5,0.1
108,1,0.4
108,2,0.1
108,3,0.5
108,4,0.2
108,5,1
109,1,0
109,2,0.5
109,3,1
109,4,0.7
109,5,0.6
110,1,0.9
110,2,0.9
110,3,0
110,4,0.5
110,5,0.3
111,1,0.8
111,2,0.6
111,3,1
111,4,0.6
111,5,0.3
112,1,0.2
112,2,0.6
112,3,0.6
112,4,0.6
112,5,0.3
113,1,0.8
113,2,0.3
113,3,0
113,4,0.8
113,5,0
114,1,1
114,2,0
114,3,0.6
114,4,0.5
114,5,0.6
115,1,0.3
115,2,0.1
115,3,0.7
115,4,0.8
115,5,0
116,1,0.3
116,2,0
116,3,0.8
116,4,0.5
116,5,0.8
117,1,0.4
117,2,0.7
117,3,0.9
117,4,0.8
117,5,0.1
118,1,0
118,2,0.3
118,3,0.3
118,4,0.1
118,5,0.6
119,1,0.4
119,2,0.1
119,3,0
119,4,0.4
119,5,0.3
120,1,0.9
120,2,0.7
120,3,0.2
120,4,0.4
120,5,0.3
121,1,0.6
121,2,0.4
121,3,0.9
121,4,0.7
121,5,1
122,1,1
122,2,0.2
122,3,0.5
122,4,0.2
122,5,1
123,1,0.1
123,2,0.8
123,3,0.8
123,4,1
123,5,0.5
124,1,0.7
124,2,0.3
124,3,0.7
124,4,0.3
124,5,0.8
125,1,0.1
125,2,0.4
125,3,0.1
125,4,0
125,5,0.1
126,1,0.6
126,2,0.3
126,3,0.5
126,4,0
126,5,0.1
127,1,0.6
127,2,0.4
127,3,0.1
127,4,0.8
127,5,0.6
128,1,0
128,2,0.3
128,3,0
128,4,0.8
128,5,0.1
129,1,0.8
129,2,0.1
129,3,0.3
129,4,1
129,5,0.7
130,1,0.1
130,2,0
130,3,1
130,4,0
130,5,0.8
131,1,0.2
131,2,0.8
131,3,0.1
131,4,0.4
131,5,0.5
132,1,1
132,2,0.6
132,3,1
132,4,0.8
132,5,0.5
133,1,0.5
133,2,0.8
133,3,0.1
133,4,0.9
133,5,0.3
134,1,0.4
134,2,0.2
134,3,0.4
134,4,0.9
134,5,0.6
135,1,0.7
135,2,0.1
135,3,0.4
135,4,0.9
135,5,1
136,1,0.1
136,2,0
136,3,0.1
136,4,0
136,5,0.6
137,1,0.8
137,2,0.4
137,3,0
137,4,0.9
137,5,0.9
138,1,0.8
138,2,0.1
138,3,0.1
138,4,0.1
138,5,0.8
139,1,0.5
139,2,0.2
139,3,0.5
139,4,0.7
139,5,0.7
140,1,0
140,2,0.1
140,3,0.6
140,4,0
140,5,0.6
141,1,0.3
141,2,1
141,3,0.7
141,4,0.1
141,5,0.2
142,1,1
142,2,0.4
142,3,0.1
142,4,0.1
142,5,0.2
143,1,1
143,2,0.1
143,3,0.1
143,4,0.7
143,5,0.8
144,1,0.2
144,2,1
144,3,0
144,4,0.8
144,5,0.2
145,1,0.8
145,2,0.1
145,3,0.9
145,4,1
145,5,1
146,1,0.5
146,2,0.8
146,3,0.1
146,4,0.5
146,5,0.9
147,1,0.7
147,2,0.7
147,3,0.7
147,4,0.3
147,5,0
148,1,0.5
148,2,0.3
148,3,1
148,4,0.5
148,5,0.3
149,1,1
149,2,0.2
149,3,0.8
149,4,1
149,5,1
150,1,0.8
150,2,0.4
150,3,0.6
150,4,0.5
150,5,0.1
151,1,0.4
151,2,0
151,3,0.8
151,4,0.2
151,5,1
152,1,0.2
152,2,0.5
152,3,0.1
152,4,0.7
152,5,1
153,1,0.9
153,2,0.5
153,3,1
153,4,0.6
153,5,1
154,1,0.7
154,2,1
154,3,0.9
154,4,0.7
154,5,0.8
155,1,0.7
155,2,1
155,3,0.2
155,4,0.9
155,5,0.9
156,1,0.8
156,2,0
156,3,0
156,4,0.1
156,5,0
157,1,0.8
157,2,0.8
157,3,0.7
157,4,0.9
157,5,0
158,1,0.3
158,2,0.5
158,3,0.5
158,4,0.6
158,5,0.6
159,1,0.9
159,2,0.7
159,3,0.2
159,4,0.8
159,5,0.2
160,1,0.2
160,2,0
160,3,1
160,4,0.9
160,5,0.7
161,1,1
161,2,0.9
161,3,0.4
161,4,0.3
161,5,0.1
162,1,0.3
162,2,0.9
162,3,0.1
162,4,0.5
162,5,0.3
163,1,0.4
163,2,0.8
163,3,0.2
163,4,0.1
163,5,0.2
164,1,0.8
164,2,0.3
164,3,0.8
164,4,0.5
164,5,1
165,1,0.2
165,2,0.1
165,3,0.3
165,4,0
165,5,0.7
166,1,0.4
166,2,0.4
166,3,0.9
166,4,0.8
166,5,0.4
167,1,0.3
167,2,1
167,3,0.3
167,4,0.5
167,5,0.7
168,1,0.9
168,2,0.1
168,3,0.7
168,4,0.4
168,5,0.2
169,1,0.8
169,2,0.6
169,3,0.6
169,4,0.9
169,5,0.2
170,1,0.1
170,2,0.8
170,3,0.8
170,4,0.3
170,5,0
171,1,0.4
171,2,0.6
171,3,0.4
171,4,0.9
171,5,0
172,1,0.3
172,2,0.7
172,3,0.2
172,4,0.4
172,5,0.4
173,1,0.9
173,2,1
173,3,0.7
173,4,0.4
173,5,0.6
174,1,0.1
174,2,0.2
174,3,0.5
174,4,0.6
174,5,0.5
175,1,0.4
175,2,0.2
175,3,0.3
175,4,0.5
175,5,0.3
176,1,0.9
176,2,0.8
176,3,0
176,4,0.9
176,5,0.4
177,1,0.1
177,2,0.7
177,3,0.8
177,4,0.6
177,5,0
178,1,0.6
178,2,0.1
178,3,0.7
178,4,0
178,5,0.9
179,1,0.9
179,2,0.7
179,3,0.2
179,4,1
179,5,0
180,1,0.5
180,2,0.8
180,3,0.7
180,4,0.1
180,5,0.9
181,1,0.2
181,2,0.7
181,3,0.3
181,4,0
181,5,0.8
182,1,0.4
182,2,0.6
182,3,0.7
182,4,0.6
182,5,0.4
183,1,0.5
183,2,0.6
183,3,0
183,4,0.9
183,5,0
184,1,0.6
184,2,0
184,3,0.5
184,4,0.9
184,5,0.3
185,1,0.4
185,2,0.6
185,3,0.4
185,4,0.4
185,5,0.3
186,1,0.9
186,2,0
186,3,0.3
186,4,0.4
186,5,0.7
187,1,0
187,2,0.1
187,3,0.7
187,4,1
187,5,1
188,1,0.2
188,2,0.2
188,3,1
188,4,1
188,5,0.8
189,1,0.5
189,2,0.4
189,3,0.3
189,4,0.8
189,5,0.9
190,1,0.3
190,2,0.6
190,3,0
190,4,0.1
190,5,0.3
191,1,0.8
191,2,0.1
191,3,0.9
191,4,0.2
191,5,0.8
192,1,0
192,2,0.5
192,3,0.4
192,4,1
192,5,1
193,1,0
193,2,1
193,3,0.9
193,4,0.5
193,5,1
194,1,0.9
194,2,0.9
194,3,0.9
194,4,0.9
194,5,0.7
195,1,0.3
195,2,0.1
195,3,0.6
195,4,0.4
195,5,0.8
196,1,0.1
196,2,0.7
196,3,0.3
196,4,0.5
196,5,0.4
197,1,0.4
197,2,0.1
197,3,0.9
197,4,0.8
197,5,0.1
198,1,0
198,2,0.4
198,3,0.6
198,4,0.3
198,5,0.7
199,1,0.2
199,2,0.2
199,3,0
199,4,0.4
199,5,0.1
200,1,0.1
200,2,0.7
200,3,0
200,4,0.7
200,5,0.8
201,1,0.6
201,2,0.7
201,3,0.9
201,4,0.8
201,5,0.1
202,1,0.3
202,2,0.1
202,3,0.7
202,4,0.3
202,5,0.6
203,1,0.5
203,2,0.4
203,3,0.4
203,4,1
203,5,0.2
204,1,0.3
204,2,0.3
204,3,0.5
204,4,0.5
204,5,0.9
205,1,0.7
205,2,0
205,3,0.2
205,4,1
205,5,0.5
206,1,0.8
206,2,0.4
206,3,0.7
206,4,0.6
206,5,1
207,1,0.1
207,2,0.8
207,3,0.4
207,4,1
207,5,0.7
208,1,0.9
208,2,0.3
208,3,0.1
208,4,0.5
208,5,1
209,1,0.9
209,2,0.1
209,3,0.6
209,4,0.5
209,5,1
210,1,0
210,2,0.2
210,3,0.4
210,4,0.8
210,5,0.5
211,1,0.1
211,2,0.7
211,3,0.4
211,4,0
211,5,0.5
212,1,0.9
212,2,1
212,3,0.8
212,4,0
212,5,0.6
213,1,0.4
213,2,1
213,3,0.8
213,4,0.3
213,5,0.3
214,1,0.8
214,2,0.5
214,3,0.8
214,4,0.3
214,5,0.2
215,1,0.9
215,2,0.2
215,3,1
215,4,0.1
215,5,0.5
216,1,0.3
216,2,0.4
216,3,0
216,4,0.1
216,5,0.3
217,1,0.9
217,2,1
217,3,0.4
217,4,0.6
217,5,0.7
218,1,0.1
218,2,0
218,3,0.2
218,4,0.2
218,5,0.3
219,1,0.5
219,2,0.8
219,3,1
219,4,0.6
219,5,0.8
220,1,0.9
220,2,0.6
220,3,0
220,4,1
220,5,0.2
221,1,0.4
221,2,0.8
221,3,0.5
221,4,1
221,5,0.2
222,1,0.2
222,2,0.2
222,3,0.4
222,4,0.8
222,5,0.4
223,1,0.3
223,2,0.7
223,3,0.4
223,4,0.7
223,5,0.8
224,1,0.2
224,2,0.5
224,3,0.3
224,4,0.5
224,5,0.3
225,1,0.7
225,2,0.2
225,3,0.7
225,4,0.2
225,5,1
226,1,0.7
226,2,0.5
226,3,0.3
226,4,0.8
226,5,0.8
227,1,0.1
227,2,0.3
227,3,1
227,4,0.8
227,5,0.3
228,1,0.9
228,2,0
228,3,1
228,4,0.3
228,5,0.7
229,1,0.3
229,2,0.1
229,3,0.7
229,4,0.8
229,5,0.1
230,1,0.7
230,2,0.6
230,3,0.4
230,4,0.5
230,5,1
231,1,0.7
231,2,1
231,3,0.7
231,4,0.9
231,5,0.1
232,1,0.6
232,2,0.2
232,3,0.8
232,4,0.7
232,5,0.2
233,1,0.7
233,2,0.3
233,3,0
233,4,0.8
233,5,0.9
234,1,0.3
234,2,0.1
234,3,0.9
234,4,0.3
234,5,0
235,1,0
235,2,0.6
235,3,0.9
235,4,0.8
235,5,0.7
236,1,0.3
236,2,0
236,3,0.4
236,4,0.8
236,5,0.6
237,1,0.2
237,2,1
237,3,0.6
237,4,1
237,5,0.1
238,1,0.3
238,2,0.4
238,3,0.9
238,4,0.7
238,5,0.3
239,1,0
239,2,0.4
239,3,0
239,4,0.7
239,5,0.3
240,1,0.6
240,2,0.9
240,3,0.7
240,4,0.3
240,5,0.7
241,1,0
241,2,0.7
241,3,0.8
241,4,0.5
241,5,0
242,1,0.2
242,2,0
242,3,0.4
242,4,0.2
242,5,0.4
243,1,0.2
243,2,0.7
243,3,0.7
243,4,0
243,5,1
244,1,0.3
244,2,0.7
244,3,0.8
244,4,0.6
244,5,0.5
245,1,0.7
245,2,0.4
245,3,0
245,4,0.3
245,5,1
246,1,0
246,2,0.1
246,3,1
246,4,0.4
246,5,1
247,1,0.5
247,2,1
247,3,0
247,4,0
247,5,0.8
248,1,0.5
248,2,0.8
248,3,0.5
248,4,1
248,5,0.7
249,1,0.9
249,2,0.1
249,3,0.2
249,4,0.8
249,5,1
250,1,0.2
250,2,0
250,3,1
250,4,0.6
250,5,0.1
251,1,0.6
251,2,1
251,3,0.5
251,4,0.8
251,5,0.4
252,1,0.4
252,2,0.7
252,3,0.6
252,4,0.2
252,5,0.2
253,1,0.6
253,2,0.5
253,3,0.5
253,4,0.1
253,5,0.4
254,1,0.7
254,2,1
254,3,0.3
254,4,1
254,5,0.4
255,1,0.6
255,2,0.6
255,3,0.5
255,4,0.7
255,5,1
256,1,0.5
256,2,0.2
256,3,1
256,4,0.1
256,5,0.8
257,1,0.5
257,2,0.1
257,3,0.5
257,4,0.9
257,5,0.7
258,1,0.7
258,2,0.3
258,3,0.9
258,4,1
258,5,0.4
259,1,0.4
259,2,0.9
259,3,0.3
259,4,0.3
259,5,0.6
260,1,0
260,2,0
260,3,1
260,4,0.7
260,5,0.9
261,1,0
261,2,0.1
261,3,0.2
261,4,0.5
261,5,0.1
262,1,0.3
262,2,0.5
262,3,0.2
262,4,0.3
262,5,0.5
263,1,0.4
263,2,0.9
263,3,0.8
263,4,0.6
263,5,0.8
264,1,0.7
264,2,0.6
264,3,0
264,4,0
264,5,0.1
265,1,0.9
265,2,0.4
265,3,0.7
265,4,0.1
265,5,0.6
266,1,1
266,2,0.8
266,3,0.6
266,4,0.2
266,5,0.1
267,1,0.5
267,2,0.9
267,3,0.3
267,4,0.3
267,5,0.8
268,1,0.1
268,2,0.6
268,3,0.7
268,4,0.8
268,5,0.9
269,1,0.9
269,2,0.7
269,3,0.9
269,4,0.1
269,5,0.3
270,1,0.9
270,2,0.4
270,3,0.3
270,4,0.8
270,5,0
271,1,0.7
271,2,0
271,3,0.5
271,4,0.2
271,5,0.1
272,1,0.3
272,2,0.5
272,3,1
272,4,1
272,5,0.9
273,1,0.6
273,2,0.8
273,3,0.9
273,4,0.4
273,5,0.4
274,1,0.7
274,2,0.5
274,3,0.3
274,4,0.3
274,5,1
275,1,1
275,2,0.7
275,3,0.4
275,4,0.8
275,5,0.5
276,1,0.2
276,2,0.6
276,3,0.7
276,4,0.3
276,5,0.1
277,1,1
277,2,0.3
277,3,0.2
277,4,0.9
277,5,0.9
278,1,0.2
278,2,0.7
278,3,0.8
278,4,0.6
278,5,0.8
279,1,0.5
279,2,0.4
279,3,0.4
279,4,0.3
279,5,0.2
280,1,0.3
280,2,0.2
280,3,0.8
280,4,0.7
280,5,0
281,1,0.7
281,2,0.2
281,3,0.8
281,4,1
281,5,0.7
282,1,0.1
282,2,1
282,3,0.6
282,4,0.7
282,5,0.6
283,1,0
283,2,0.2
283,3,0.2
283,4,1
283,5,0.5
284,1,0.8
284,2,0.2
284,3,0.7
284,4,0.2
284,5,0.6
285,1,0.9
285,2,0.5
285,3,0.6
285,4,0.3
285,5,0.5
286,1,1
286,2,0.4
286,3,0.9
286,4,0.6
286,5,0.5
287,1,1
287,2,0.7
287,3,0.4
287,4,0.1
287,5,0.2
288,1,0.8
288,2,0.2
288,3,0.4
288,4,0.1
288,5,0.7
289,1,0.5
289,2,0.1
289,3,0.9
289,4,0.1
289,5,0.1
290,1,0.8
290,2,0.5
290,3,0.6
290,4,0.5
290,5,0.8
291,1,0
291,2,0.8
291,3,0.5
291,4,0.8
291,5,0.8
292,1,0.4
292,2,0.1
292,3,0.4
292,4,0.8
292,5,0.8
293,1,0.3
293,2,0.8
293,3,0.5
293,4,0
293,5,0.8
294,1,0.3
294,2,1
294,3,0.5
294,4,0.3
294,5,0.3
295,1,0.7
295,2,0.3
295,3,0.1
295,4,0.1
295,5,0.5
296,1,0.8
296,2,0.7
296,3,0.4
296,4,0.4
296,5,0
297,1,0.6
297,2,0.2
297,3,0.1
297,4,0
297,5,0
298,1,0.5
298,2,0.5
298,3,0
298,4,1
298,5,0.7
299,1,1
299,2,0.2
299,3,0.4
299,4,0
299,5,0
300,1,0
300,2,0.5
300,3,0.8
300,4,0.4
300,5,0.8
301,1,0
301,2,0
301,3,0.3
301,4,0.4
301,5,0.6
302,1,0.3
302,2,0.7
302,3,0.6
302,4,0.2
302,5,0.5
303,1,0
303,2,0.5
303,3,0
303,4,0.3
303,5,0.4
304,1,0.5
304,2,0
304,3,0.4
304,4,0.3
304,5,0.7
305,1,0.2
305,2,0.2
305,3,0.3
305,4,0.6
305,5,0
306,1,0.8
306,2,1
306,3,0.3
306,4,0.7
306,5,0.3
307,1,0.4
307,2,0.3
307,3,0.6
307,4,0.8
307,5,0.5
308,1,1
308,2,0.1
308,3,0.4
308,4,0.4
308,5,0.8
309,1,0
309,2,1
309,3,0.7
309,4,0
309,5,0.8
310,1,0.4
310,2,0
310,3,0.6
310,4,0.3
310,5,0.4
311,1,0.6
311,2,0.3
311,3,0.4
311,4,0
311,5,0.2
312,1,0
312,2,0
312,3,0.8
312,4,0.4
312,5,1
313,1,0.1
313,2,0.3
313,3,0
313,4,0.4
313,5,0.9
314,1,0.7
314,2,0.7
314,3,0
314,4,0.6
314,5,0.6
315,1,0.8
315,2,0.4
315,3,0.6
315,4,0.2
315,5,0
316,1,0.6
316,2,0
316,3,1
316,4,0.2
316,5,0.5
317,1,0.4
317,2,0.9
317,3,0.2
317,4,0.5
317,5,0.3
318,1,0.1
318,2,0.7
318,3,0.6
318,4,0.4
318,5,0.9
319,1,0.1
319,2,0.6
319,3,0.5
319,4,0.9
319,5,0.3
320,1,0.4
320,2,0.3
320,3,0
320,4,0.2
320,5,0.6
321,1,0.8
321,2,0.8
321,3,0.3
321,4,1
321,5,1
322,1,0
322,2,0.9
322,3,0.2
322,4,0.2
322,5,0.5
323,1,0.1
323,2,0.1
323,3,0.8
323,4,0.3
323,5,0.4
324,1,0.3
324,2,0.6
324,3,0.3
324,4,0.8
324,5,0
325,1,0.5
325,2,0.7
325,3,0.3
325,4,0.1
325,5,0.4
326,1,0.8
326,2,1
326,3,1
326,4,0.7
326,5,0.1
327,1,0
327,2,0.8
327,3,0.6
327,4,0.7
327,5,0
328,1,0.5
328,2,0.6
328,3,0.3
328,4,0
328,5,0.3
329,1,0.9
329,2,0.8
329,3,0.6
329,4,0.9
329,5,1
330,1,0.2
330,2,0.2
330,3,0.8
330,4,0.2
330,5,0.4
331,1,0.2
331,2,1
331,3,0.1
331,4,0.9
331,5,0.4
332,1,0.5
332,2,0.9
332,3,0.9
332,4,1
332,5,0.9
333,1,0.4
333,2,0.1
333,3,0.3
333,4,0.5
333,5,0.2
334,1,0.3
334,2,0.9
334,3,0.5
334,4,0.9
334,5,0.8
335,1,0.8
335,2,0.3
335,3,0.7
335,4,0.5
335,5,0.5
336,1,0.4
336,2,0.9
336,3,0.8
336,4,0.5
336,5,0.8
337,1,0.8
337,2,0.3
337,3,0
337,4,0.3
337,5,0
338,1,0.7
338,2,0.1
338,3,0.8
338,4,1
338,5,0.5
339,1,0.2
339,2,0.6
339,3,0.7
339,4,0.3
339,5,0.6
340,1,0.3
340,2,0.8
340,3,0
340,4,0.7
340,5,0.2
341,1,0
341,2,0
341,3,0.6
341,4,0.3
341,5,0
342,1,0.7
342,2,0.6
342,3,0.2
342,4,0.9
342,5,0.3
343,1,0.9
343,2,0.9
343,3,0.7
343,4,0.3
343,5,0.8
344,1,0.2
344,2,1
344,3,0.5
344,4,0.9
344,5,0.9
345,1,0.8
345,2,0.1
345,3,0.4
345,4,0.3
345,5,0.9
346,1,0.2
346,2,0.1
346,3,0.8
346,4,0.6
346,5,0.1
347,1,0.5
347,2,0.9
347,3,0.8
347,4,0.2
347,5,0.7
348,1,1
348,2,0.2
348,3,1
348,4,0.6
348,5,0.1
349,1,0.7
349,2,0.7
349,3,0.5
349,4,0
349,5,0
350,1,0.5
350,2,0.3
350,3,0
350,4,0.5
350,5,0.7
351,1,0.4
351,2,0
351,3,0
351,4,0.7
351,5,0.4
352,1,0.6
352,2,1
352,3,0.7
352,4,0.3
352,5,0.4
353,1,1
353,2,0.5
353,3,0.1
353,4,0.7
353,5,0.2
354,1,0.6
354,2,0.6
354,3,1
354,4,0.9
354,5,0.6
355,1,0
355,2,0.2
355,3,0.3
355,4,0.4
355,5,1
356,1,0
356,2,0.7
356,3,0.9
356,4,0.6
356,5,0.7
357,1,0.9
357,2,0.8
357,3,0.3
357,4,0.2
357,5,0.7
358,1,0.6
358,2,0.5
358,3,0.6
358,4,1
358,5,0.8
359,1,0.9
359,2,0.7
359,3,1
359,4,0.4
359,5,0.7
360,1,0.9
360,2,0.3
360,3,0
360,4,0.9
360,5,0.1
361,1,0
361,2,0.4
361,3,0.3
361,4,0.5
361,5,0.2
362,1,0.4
362,2,0.6
362,3,0.1
362,4,0.5
362,5,0.9
363,1,0.2
363,2,0.6
363,3,0.5
363,4,1
363,5,0.4
364,1,0.8
364,2,0.2
364,3,1
364,4,0.5
364,5,0.1
365,1,0.5
365,2,0.4
365,3,0.7
365,4,0.6
365,5,0.2
366,1,0.3
366,2,1
366,3,0.7
366,4,0.9
366,5,0.4
367,1,1
367,2,1
367,3,0.3
367,4,0.7
367,5,0.8
368,1,1
368,2,0.2
368,3,0.3
368,4,0.7
368,5,0
369,1,0.1
369,2,0
369,3,0.3
369,4,0.8
369,5,0.2
370,1,0.3
370,2,1
370,3,0
370,4,0.9
370,5,0
371,1,0.1
371,2,0.2
371,3,0.5
371,4,0.2
371,5,1
372,1,0.2
372,2,0.6
372,3,0.8
372,4,0.5
372,5,0.5
373,1,0
373,2,0.7
373,3,0.8
373,4,0.7
373,5,0.3
374,1,0.4
374,2,0.2
374,3,0.5
374,4,0.3
374,5,0.5
375,1,0
375,2,0
375,3,0.7
375,4,1
375,5,0.5
376,1,0.5
376,2,0.3
376,3,0
376,4,0.3
376,5,0.5
377,1,0.5
377,2,0
377,3,0.6
377,4,0.5
377,5,0.8
378,1,0.3
378,2,0.1
378,3,0.2
378,4,0.3
378,5,0.7
379,1,0.1
379,2,0.8
379,3,0.9
379,4,0.1
379,5,0.2
380,1,0.6
380,2,0.5
380,3,0.7
380,4,0.7
380,5,0.2
381,1,1
381,2,0
381,3,0.3
381,4,0.9
381,5,1
382,1,0.3
382,2,0
382,3,0.5
382,4,0
382,5,0.7
383,1,0.9
383,2,0.9
383,3,0.2
383,4,0.9
383,5,0.8
384,1,0.2
384,2,0.1
384,3,0.1
384,4,0.1
384,5,0.5
385,1,0.7
385,2,0
385,3,0.9
385,4,0
385,5,0.8
386,1,0.1
386,2,0.4
386,3,0.6
386,4,0.2
386,5,0.5
387,1,0.5
387,2,0.8
387,3,0.5
387,4,1
387,5,0.9
388,1,0.2
388,2,0.1
388,3,0.3
388,4,0.2
388,5,0.4
389,1,0.9
389,2,0
389,3,0.7
389,4,0.1
389,5,0.4
390,1,0.1
390,2,0.3
390,3,1
390,4,0.1
390,5,0
391,1,0.1
391,2,0.3
391,3,0.2
391,4,1
391,5,0
392,1,0.8
392,2,0.3
392,3,0.5
392,4,0.7
392,5,0.5
393,1,0.9
393,2,0.5
393,3,0.5
393,4,1
393,5,0
394,1,0.4
394,2,0.3
394,3,0.8
394,4,0.3
394,5,0.4
395,1,0.4
395,2,0.7
395,3,0
395,4,0.2
395,5,0.2
396,1,0.9
396,2,0.9
396,3,0.2
396,4,0.1
396,5,0.6
397,1,0.6
397,2,1
397,3,0.7
397,4,0.9
397,5,0.1
398,1,0.2
398,2,0.9
398,3,1
398,4,0.7
398,5,0.3
399,1,0.7
399,2,0.4
399,3,0.4
399,4,0.4
399,5,0.9
400,1,0.4
400,2,0.4
400,3,1
400,4,0
400,5,0
401,1,0
401,2,0
401,3,0.2
401,4,0.9
401,5,0.4
402,1,0.7
402,2,0.7
402,3,0
402,4,0.5
402,5,0.3
403,1,0.2
403,2,0.7
403,3,0.9
403,4,0.4
403,5,0
404,1,0.7
404,2,0.1
404,3,0.5
404,4,0.7
404,5,0.6
405,1,0.4
405,2,0.1
405,3,0
405,4,0.4
405,5,0.9
406,1,0.2
406,2,0.8
406,3,0
406,4,0.2
406,5,0.4
407,1,0.8
407,2,0.5
407,3,0.4
407,4,1
407,5,0.8
408,1,0.8
408,2,0.9
408,3,0.4
408,4,0.8
408,5,0.7
409,1,0.4
409,2,1
409,3,0.5
409,4,0.1
409,5,0.9
410,1,0.1
410,2,0.8
410,3,0.7
410,4,0.3
410,5,0.7
411,1,0.1
411,2,0
411,3,0
411,4,0.5
411,5,0.9
412,1,0.4
412,2,0
412,3,0.8
412,4,0.8
412,5,0.4
413,1,0.1
413,2,0.1
413,3,0.9
413,4,0.8
413,5,0.7
414,1,0.3
414,2,1
414,3,0.5
414,4,0.9
414,5,0.4
415,1,0.2
415,2,0
415,3,0.9
415,4,0.9
415,5,0.4
416,1,0.9
416,2,0.5
416,3,0.1
416,4,0.1
416,5,0.9
417,1,0.8
417,2,1
417,3,0.1
417,4,1
417,5,0.1
418,1,0.7
418,2,0.4
418,3,0.2
418,4,0.8
418,5,1
419,1,0.5
419,2,0.1
419,3,0.7
419,4,0.8
419,5,0
420,1,1
420,2,0.3
420,3,0.1
420,4,0.5
420,5,0.8
421,1,0.4
421,2,0.9
421,3,0.8
421,4,0.7
421,5,0.6
422,1,0.5
422,2,1
422,3,1
422,4,0.8
422,5,0.7
423,1,0.6
423,2,0.2
423,3,0.2
423,4,0.5
423,5,0.3
424,1,0.8
424,2,0.4
424,3,0.6
424,4,0.7
424,5,0.2
425,1,0.4
425,2,0.1
425,3,0.9
425,4,0.6
425,5,0.2
426,1,0.6
426,2,0.9
426,3,0.2
426,4,0.8
426,5,1
427,1,0.9
427,2,0.2
427,3,0.3
427,4,0.3
427,5,0.7
428,1,0
428,2,0.8
428,3,0.4
428,4,0.6
428,5,0.9
429,1,0.2
429,2,0.5
429,3,0.4
429,4,0.7
429,5,0.1
430,1,0.1
430,2,1
430,3,0.2
430,4,0.4
430,5,0.9
431,1,0
431,2,0.3
431,3,0.5
431,4,1
431,5,0.7
432,1,0.5
432,2,0.3
432,3,0.1
432,4,0.4
432,5,0.3
433,1,1
433,2,0.7
433,3,0.9
433,4,0
433,5,0.9
434,1,0.3
434,2,0.4
434,3,1
434,4,0.9
434,5,1
435,1,0.6
435,2,0.4
435,3,0.6
435,4,1
435,5,0.2
436,1,0.2
436,2,1
436,3,0
436,4,0.1
436,5,0.6
437,1,0.7
437,2,0.8
437,3,0.3
437,4,0.8
437,5,0.8
438,1,0.8
438,2,1
438,3,0.7
438,4,0.2
438,5,0.6
439,1,0.5
439,2,0.3
439,3,0.6
439,4,0.5
439,5,0
440,1,0.1
440,2,0.6
440,3,1
440,4,0.4
440,5,0.1
441,1,0.3
441,2,1
441,3,0.7
441,4,1
441,5,0.2
442,1,0.8
442,2,0.8
442,3,0.5
442,4,0.6
442,5,0
443,1,0.7
443,2,0.1
443,3,0.5
443,4,0.4
443,5,0.6
444,1,0.1
444,2,0.2
444,3,0.5
444,4,0.6
444,5,0.7
445,1,0.2
445,2,0.2
445,3,0.4
445,4,0.3
445,5,1
446,1,0.7
446,2,0.1
446,3,0.1
446,4,1
446,5,0.1
447,1,0
447,2,0
447,3,1
447,4,0
447,5,0.1
448,1,0.9
448,2,0.5
448,3,0.8
448,4,0.2
448,5,0.2
449,1,0.6
449,2,0.8
449,3,1
449,4,0.4
449,5,0.1
450,1,0.2
450,2,0.5
450,3,0.9
450,4,0.4
450,5,0.1
451,1,1
451,2,0.7
451,3,1
451,4,0.2
451,5,0.8
452,1,0
452,2,0.6
452,3,0.3
452,4,0.2
452,5,0.5
453,1,0.6
453,2,1
453,3,0.3
453,4,0.2
453,5,1
454,1,0.4
454,2,0.1
454,3,0.7
454,4,0
454,5,0.1
455,1,0.6
455,2,0.9
455,3,0.3
455,4,0.1
455,5,0.6
456,1,0.5
456,2,0.5
456,3,0
456,4,0
456,5,0.3
457,1,0.9
457,2,0.6
457,3,0
457,4,0.4
457,5,0
458,1,0
458,2,0.6
458,3,0
458,4,0.4
458,5,0.3
459,1,0.6
459,2,1
459,3,0.9
459,4,0.1
459,5,0
460,1,0.4
460,2,0.9
460,3,0.5
460,4,1
460,5,0.9
461,1,0.2
461,2,1
461,3,0.7
461,4,0.1
461,5,0.2
462,1,0.1
462,2,1
462,3,0.2
462,4,0.2
462,5,0
463,1,0.4
463,2,0.8
463,3,0.3
463,4,0.9
463,5,0.4
464,1,0.9
464,2,0.8
464,3,0.4
464,4,0
464,5,1
465,1,0.7
465,2,0.5
465,3,0.4
465,4,0.5
465,5,1
466,1,0.4
466,2,0.3
466,3,0.4
466,4,0.5
466,5,0.2
467,1,0.3
467,2,0
467,3,0.5
467,4,0.5
467,5,0.1
468,1,1
468,2,0.5
468,3,0.6
468,4,0.4
468,5,0.8
469,1,0.8
469,2,0.4
469,3,0.1
469,4,0.7
469,5,0.6
470,1,0
470,2,0.1
470,3,0
470,4,0.7
470,5,0.5
471,1,0.7
471,2,0.8
471,3,0.6
471,4,0.9
471,5,0.9
472,1,0.1
472,2,0.6
472,3,0.6
472,4,0.1
472,5,1
473,1,1
473,2,0.1
473,3,0.2
473,4,0.2
473,5,0.3
474,1,0.1
474,2,1
474,3,0.9
474,4,0.9
474,5,0.9
475,1,1
475,2,0.1
475,3,0.1
475,4,0.1
475,5,0
476,1,0.8
476,2,0.9
476,3,0.3
476,4,0.4
476,5,0.5
477,1,0.6
477,2,0.8
477,3,0.7
477,4,0.8
477,5,0.8
478,1,0.4
478,2,0.9
478,3,0.9
478,4,0.5
478,5,0.5
479,1,1
479,2,1
479,3,1
479,4,0
479,5,0.6
480,1,0.4
480,2,0
480,3,0.8
480,4,0.7
480,5,1
481,1,0.1
481,2,0.2
481,3,1
481,4,0.6
481,5,0.6
482,1,0.9
482,2,0.1
482,3,0.4
482,4,0.4
482,5,0.4
483,1,0
483,2,0.9
483,3,0.5
483,4,0.3
483,5,0.6
484,1,0.3
484,2,0.6
484,3,0.6
484,4,0.5
484,5,0.7
485,1,0.9
485,2,0.7
485,3,0.6
485,4,0.6
485,5,0.7
486,1,0.7
486,2,0.1
486,3,1
486,4,0
486,5,0.1
487,1,1
487,2,0.3
487,3,0
487,4,0.2
487,5,1
488,1,1
488,2,0
488,3,0.7
488,4,0.1
488,5,0.5
489,1,0.2
489,2,1
489,3,0.7
489,4,0.4
489,5,0.4
490,1,0.7
490,2,0.2
490,3,0.1
490,4,0
490,5,0.9
491,1,0.4
491,2,0.5
491,3,0.2
491,4,0.9
491,5,0.7
492,1,0.2
492,2,0.9
492,3,0.3
492,4,0.4
492,5,0
493,1,0.2
493,2,0.7
493,3,0.3
493,4,0.1
493,5,0.3
494,1,0.5
494,2,0.8
494,3,0
494,4,0.7
494,5,0.6
495,1,0.1
495,2,1
495,3,0.2
495,4,0.2
495,5,0.4
496,1,0.2
496,2,0.8
496,3,0.1
496,4,0.7
496,5,0.8
497,1,0.6
497,2,0.9
497,3,0.8
497,4,0
497,5,0.6
498,1,0.6
498,2,1
498,3,0.9
498,4,1
498,5,0.2
499,1,0.2
499,2,0.6
499,3,0.4
499,4,0.1
499,5,0.5
500,1,0.6
500,2,0.9
500,3,0.3
500,4,0.1
500,5,0.2
501,1,0.3
501,2,0.9
501,3,0.8
501,4,0.4
501,5,0.2
502,1,0.6
502,2,1
502,3,0.5
502,4,1
502,5,0.9
503,1,0.6
503,2,0.4
503,3,0.2
503,4,0.5
503,5,0.8
504,1,0.7
504,2,0.9
504,3,0.7
504,4,0
504,5,0.5
505,1,0.8
505,2,0.1
505,3,0.5
505,4,0.4
505,5,0.2
506,1,0.7
506,2,0.7
506,3,1
506,4,1
506,5,0.2
507,1,0.3
507,2,0
507,3,0
507,4,0.1
507,5,0.8
508,1,1
508,2,0.2
508,3,0.1
508,4,0.5
508,5,0.9
509,1,0.4
509,2,1
509,3,0
509,4,0.2
509,5,0.3
510,1,0.4
510,2,0.4
510,3,0.8
510,4,0.1
510,5,0.6
511,1,0.4
511,2,0.2
511,3,0.3
511,4,0.8
511,5,0.9
512,1,0.2
512,2,0.9
512,3,0.5
512,4,0.9
512,5,0.6
513,1,0.9
513,2,0
513,3,0.2
513,4,0.8
513,5,0.3
514,1,0.9
514,2,0.9
514,3,0.9
514,4,1
514,5,0.8
515,1,0
515,2,0.6
515,3,0.9
515,4,0.7
515,5,0.2
516,1,0.7
516,2,1
516,3,0.9
516,4,0.7
516,5,0.8
517,1,0.6
517,2,0.1
517,3,0
517,4,0
517,5,0.7
518,1,0.4
518,2,0.1
518,3,0.1
518,4,0
518,5,0.3
519,1,0.7
519,2,0.8
519,3,0.2
519,4,0.1
519,5,0.5
520,1,0.5
520,2,0.3
520,3,0.7
520,4,0.3
520,5,0.8
521,1,0.5
521,2,0.7
521,3,0.8
521,4,0.1
521,5,0.9
522,1,0.3
522,2,0.7
522,3,0.3
522,4,0.2
522,5,0.4
523,1,0.4
523,2,0
523,3,0.1
523,4,0.8
523,5,1
524,1,0.5
524,2,0.6
524,3,0.7
524,4,0.2
524,5,0.2
525,1,0.3
525,2,0
525,3,0.4
525,4,0
525,5,0.3
526,1,0.9
526,2,0.3
526,3,0.3
526,4,0.5
526,5,0.7
527,1,0.3
527,2,0.1
527,3,0.3
527,4,0.6
527,5,0.8
528,1,0.1
528,2,0.8
528,3,0.6
528,4,0.7
528,5,0.2
529,1,1
529,2,0.8
529,3,0.5
529,4,0
529,5,0.3
530,1,0.2
530,2,0.5
530,3,0.8
530,4,0.8
530,5,0.1
531,1,0.7
531,2,0.8
531,3,0.8
531,4,0
531,5,0.1
532,1,0.2
532,2,0.8
532,3,0.7
532,4,0.8
532,5,0.2
533,1,0.5
533,2,0.9
533,3,0.5
533,4,0.1
533,5,1
534,1,0
534,2,1
534,3,0.3
534,4,1
534,5,0.2
535,1,0.3
535,2,0.2
535,3,0.6
535,4,1
535,5,0.4
536,1,0.4
536,2,0.5
536,3,0
536,4,0.4
536,5,0.7
537,1,0.8
537,2,0.6
537,3,0.1
537,4,0.4
537,5,0.9
538,1,0.5
538,2,0.7
538,3,0.9
538,4,0.6
538,5,0
539,1,0.3
539,2,0.6
539,3,0.9
539,4,0.7
539,5,0.8
540,1,0.2
540,2,0.5
540,3,0.2
540,4,1
540,5,0.8
541,1,0.2
541,2,0.3
541,3,0.6
541,4,0.9
541,5,0.3
542,1,0.1
542,2,0.4
542,3,0.7
542,4,0.8
542,5,0.9
543,1,0.1
543,2,1
543,3,0.4
543,4,0.9
543,5,0.7
544,1,0.8
544,2,0.3
544,3,0
544,4,0.6
544,5,0.6
545,1,0.7
545,2,0.8
545,3,0.9
545,4,0.1
545,5,0.7
546,1,0.2
546,2,0.6
546,3,0
546,4,0.9
546,5,0.4
547,1,0.6
547,2,0.6
547,3,0.6
547,4,0.9
547,5,0.5
548,1,0
548,2,0.1
548,3,0.2
548,4,0.7
548,5,0.2
549,1,0.3
549,2,0.8
549,3,0.5
549,4,0.5
549,5,0.8
550,1,0.4
550,2,0.7
550,3,0.6
550,4,0.2
550,5,0.7
551,1,0.1
551,2,0.7
551,3,0.9
551,4,0.4
551,5,0.3
552,1,0.2
552,2,0.3
552,3,0.5
552,4,0.7
552,5,0.6
553,1,0.1
553,2,0.1
553,3,0.5
553,4,0.6
553,5,1
554,1,1
554,2,0.8
554,3,0.9
554,4,1
554,5,1
555,1,0.8
555,2,0.2
555,3,0.3
555,4,0.9
555,5,0.9
556,1,0.8
556,2,1
556,3,0.7
556,4,0.4
556,5,0.6
557,1,0.9
557,2,0.6
557,3,0.7
557,4,0.3
557,5,0.1
558,1,0.3
558,2,0.7
558,3,0.6
558,4,0.5
558,5,0.5
559,1,0
559,2,0.6
559,3,1
559,4,0.1
559,5,0.7
560,1,0.6
560,2,0.1
560,3,0.9
560,4,0
560,5,0.4
561,1,1
561,2,0.4
561,3,0.8
561,4,0.3
561,5,0
562,1,0.8
562,2,0.7
562,3,0.7
562,4,0.3
562,5,0.4
563,1,0.6
563,2,0.2
563,3,0.6
563,4,0.8
563,5,0.7
564,1,0.4
564,2,0.3
564,3,0
564,4,0.7
564,5,0
565,1,0.9
565,2,0.3
565,3,0.7
565,4,0.6
565,5,0.1
566,1,0.8
566,2,0.4
566,3,0.6
566,4,0.9
566,5,0.7
567,1,0.7
567,2,0.1
567,3,0.3
567,4,0
567,5,0.6
568,1,0.1
568,2,0.3
568,3,0.6
568,4,0.2
568,5,0.6
569,1,0.5
569,2,0.3
569,3,0
569,4,0
569,5,1
570,1,0.8
570,2,0.9
570,3,0.5
570,4,0.7
570,5,0.3
571,1,1
571,2,0.3
571,3,1
571,4,0.2
571,5,0
572,1,0
572,2,0.8
572,3,0.7
572,4,1
572,5,0.6
573,1,0.5
573,2,0.4
573,3,0.5
573,4,0.9
573,5,0.1
574,1,0.7
574,2,0
574,3,0.4
574,4,0
574,5,1
575,1,0.2
575,2,0.4
575,3,0.6
575,4,0.3
575,5,0.3
576,1,1
576,2,0.5
576,3,0.9
576,4,0.7
576,5,0.8
577,1,0.6
577,2,0.2
577,3,0.8
577,4,0.4
577,5,0.3
578,1,0
578,2,0.3
578,3,0.7
578,4,0.6
578,5,0.5
579,1,0.1
579,2,0.9
579,3,0.9
579,4,0.4
579,5,0
580,1,1
580,2,0.2
580,3,0.2
580,4,0.9
580,5,0.3
581,1,0.9
581,2,0.5
581,3,0.4
581,4,0.1
581,5,0.9
582,1,0.8
582,2,0.6
582,3,0.4
582,4,0.6
582,5,0.9
583,1,0.5
583,2,0.4
583,3,0
583,4,0.1
583,5,0
584,1,0.2
584,2,1
584,3,0.7
584,4,0.2
584,5,0.6
585,1,0.5
585,2,0.3
585,3,0.8
585,4,0.5
585,5,0.2
586,1,0.3
586,2,0.2
586,3,0
586,4,0.4
586,5,0.6
587,1,0
587,2,0.8
587,3,0.7
587,4,0.4
587,5,0.5
588,1,0.6
588,2,0.1
588,3,0.4
588,4,1
588,5,0.8
589,1,0.1
589,2,0.3
589,3,0.2
589,4,0.4
589,5,0
590,1,0.5
590,2,0.1
590,3,0.1
590,4,0.8
590,5,0.4
591,1,0.6
591,2,0.7
591,3,0.6
591,4,0.9
591,5,0.7
592,1,0.2
592,2,0.7
592,3,0
592,4,0.7
592,5,0.1
593,1,0.4
593,2,0.8
593,3,0.9
593,4,0.7
593,5,1
594,1,0.7
594,2,0.4
594,3,0.6
594,4,0.8
594,5,0.2
595,1,0.1
595,2,0.7
595,3,0
595,4,0.3
595,5,0.1
596,1,0.1
596,2,0.3
596,3,0.3
596,4,0
596,5,0.4
597,1,0.2
597,2,1
597,3,0.6
597,4,0
597,5,0.5
598,1,0.8
598,2,0.9
598,3,0.7
598,4,0.8
598,5,0.3
599,1,0.7
599,2,0.7
599,3,0
599,4,0.4
599,5,0.2
600,1,0
600,2,0.7
600,3,1
600,4,0.2
600,5,0.2
601,1,0.8
601,2,0.4
601,3,0.9
601,4,0.7
601,5,0.5
602,1,0.7
602,2,0.4
602,3,0
602,4,0.9
602,5,0.5
603,1,1
603,2,1
603,3,0.9
603,4,1
603,5,0.5
604,1,0.7
604,2,0.1
604,3,0.6
604,4,0.4
604,5,0
605,1,0.8
605,2,0.3
605,3,0.1
605,4,0.8
605,5,0.7
606,1,0.4
606,2,0.9
606,3,0.9
606,4,0.9
606,5,0.1
607,1,1
607,2,0.7
607,3,0.4
607,4,0.4
607,5,0.4
608,1,0.5
608,2,0.8
608,3,0.5
608,4,0.3
608,5,0
609,1,0.5
609,2,0.8
609,3,0.7
609,4,1
609,5,0.8
610,1,0.2
610,2,0.7
610,3,0.5
610,4,1
610,5,0.2
611,1,0.1
611,2,0.3
611,3,0.4
611,4,0.3
611,5,0.4
612,1,0.5
612,2,0.9
612,3,0.9
612,4,0
612,5,0.7
613,1,0.9
613,2,1
613,3,0.1
613,4,0.1
613,5,0
614,1,0.7
614,2,0.1
614,3,0.3
614,4,1
614,5,0.3
615,1,0.3
615,2,0.7
615,3,0.6
615,4,0
615,5,0.3
616,1,0.7
616,2,0.8
616,3,0.8
616,4,0.7
616,5,1
617,1,1
617,2,0.4
617,3,0
617,4,0.1
617,5,0.3
618,1,0.6
618,2,0.1
618,3,0.8
618,4,0
618,5,0.2
619,1,0.2
619,2,0.7
619,3,0.3
619,4,0.3
619,5,1
620,1,0.9
620,2,1
620,3,0.1
620,4,0.6
620,5,0.9
621,1,0.5
621,2,0.5
621,3,0.2
621,4,0.7
621,5,0.3
622,1,0.9
622,2,0.6
622,3,0.5
622,4,0.8
622,5,0
623,1,0.7
623,2,0.8
623,3,0.2
623,4,0.9
623,5,0.2
624,1,0.4
624,2,0.4
624,3,0.1
624,4,0.4
624,5,0.4
625,1,0.8
625,2,0.7
625,3,0.8
625,4,0.4
625,5,0.3
626,1,0.4
626,2,0.9
626,3,0.7
626,4,0.5
626,5,0.8
627,1,0.5
627,2,0.5
627,3,0.7
627,4,0.2
627,5,0.6
628,1,0.7
628,2,0.3
628,3,0.3
628,4,0.2
628,5,0.7
629,1,0.4
629,2,1
629,3,0.4
629,4,0.2
629,5,0.6
630,1,0.9
630,2,1
630,3,0.3
630,4,0.7
630,5,0.1
631,1,0.9
631,2,1
631,3,0.8
631,4,0.7
631,5,0.6
632,1,1
632,2,0.7
632,3,0.9
632,4,0
632,5,0.5
633,1,1
633,2,0.3
633,3,0.8
633,4,0.7
633,5,0.4
634,1,0.1
634,2,0.8
634,3,0.4
634,4,0.7
634,5,0.8
635,1,0.1
635,2,0.7
635,3,0.4
635,4,0.2
635,5,0.6
636,1,0.8
636,2,0
636,3,0.5
636,4,0.1
636,5,1
637,1,0.5
637,2,0.7
637,3,0.8
637,4,0.2
637,5,1
638,1,0.5
638,2,0.8
638,3,0.3
638,4,0.7
638,5,0.3
639,1,0
639,2,0
639,3,0.1
639,4,0.6
639,5,0.5
640,1,0
640,2,0.7
640,3,0.9
640,4,0.9
640,5,0.2
641,1,0.2
641,2,0.3
641,3,0.4
641,4,0.8
641,5,0.9
642,1,0.7
642,2,0.1
642,3,0.9
642,4,0.1
642,5,0.8
643,1,0.7
643,2,0.4
643,3,0.8
643,4,0.3
643,5,0.4
644,1,0.4
644,2,0.3
644,3,0.4
644,4,0.5
644,5,0.7
645,1,0.6
645,2,1
645,3,0.5
645,4,0.3
645,5,0.1
646,1,0
646,2,1
646,3,0.9
646,4,0.6
646,5,0.2
647,1,0.7
647,2,1
647,3,0.4
647,4,0.9
647,5,0.4
648,1,0.1
648,2,0.1
648,3,0.9
648,4,0.5
648,5,0.6
649,1,0
649,2,1
649,3,0.9
649,4,0.2
649,5,0.2
650,1,0.9
650,2,0.9
650,3,0.3
650,4,0.1
650,5,0
651,1,0.6
651,2,0.6
651,3,0.2
651,4,0.1
651,5,1
652,1,0.9
652,2,1
652,3,0.2
652,4,0.6
652,5,0.5
653,1,0.8
653,2,0.5
653,3,0.2
653,4,0.3
653,5,0.4
654,1,1
654,2,0.7
654,3,0.6
654,4,0.7
654,5,0.8
655,1,0.1
655,2,0.1
655,3,0
655,4,0.5
655,5,0.6
656,1,0.7
656,2,0.8
656,3,0.5
656,4,0.3
656,5,1
657,1,0.4
657,2,0.6
657,3,0.4
657,4,0.6
657,5,0.5
658,1,0.9
658,2,1
658,3,0.1
658,4,0.6
658,5,1
659,1,0.3
659,2,0.5
659,3,1
659,4,0.7
659,5,0.7
660,1,0.2
660,2,0.9
660,3,0.9
660,4,0.5
660,5,0.2
661,1,0.3
661,2,0.1
661,3,0.4
661,4,0.5
661,5,0.5
662,1,0.1
662,2,0.4
662,3,0.5
662,4,0.1
662,5,0.2
663,1,0.5
663,2,0.9
663,3,0
663,4,0.4
663,5,0.2
664,1,0.6
664,2,0.5
664,3,0.4
664,4,0.6
664,5,0.2
665,1,0.7
665,2,0.9
665,3,0.6
665,4,0.9
665,5,0.5
666,1,0.1
666,2,0
666,3,0.8
666,4,0.9
666,5,0.9
667,1,0.3
667,2,0.2
667,3,0
667,4,0.6
667,5,0.7
668,1,0.5
668,2,1
668,3,0.5
668,4,0.7
668,5,0.5
669,1,0.3
669,2,0
669,3,0.4
669,4,0.5
669,5,0.7
670,1,0.1
670,2,0.6
670,3,0.2
670,4,0.8
670,5,0.3
671,1,0.4
671,2,1
671,3,0.3
671,4,0.8
671,5,0
672,1,0.1
672,2,0.3
672,3,0.9
672,4,0.9
672,5,0.9
673,1,0.2
673,2,0.4
673,3,0.7
673,4,0.8
673,5,0.1
674,1,0.8
674,2,0
674,3,0.2
674,4,0.6
674,5,0.9
675,1,0.8
675,2,0.8
675,3,0.4
675,4,0.9
675,5,0.3
676,1,0.1
676,2,0.9
676,3,0.1
676,4,0.2
676,5,0.8
677,1,0.6
677,2,0.6
677,3,0.6
677,4,1
677,5,0.2
678,1,0.8
678,2,0.6
678,3,0.7
678,4,0.1
678,5,0.5
679,1,0.4
679,2,0.7
679,3,0.2
679,4,0.1
679,5,0.7
680,1,0.5
680,2,0.5
680,3,0.9
680,4,0.6
680,5,0.2
681,1,0
681,2,0
681,3,0.1
681,4,0.7
681,5,0.9
682,1,0.8
682,2,0
682,3,0.8
682,4,0.3
682,5,0.1
683,1,0.1
683,2,0.1
683,3,0.2
683,4,0.2
683,5,0.9
684,1,0.7
684,2,0.2
684,3,0.2
684,4,0.6
684,5,0.8
685,1,0.1
685,2,0.2
685,3,0.1
685,4,1
685,5,0.2
686,1,0.4
686,2,0.5
686,3,0.5
686,4,0.9
686,5,0.5
687,1,0.2
687,2,0.3
687,3,0.4
687,4,1
687,5,0.9
688,1,0.1
688,2,0.8
688,3,0.4
688,4,0.3
688,5,0.7
689,1,0.2
689,2,0.9
689,3,0.4
689,4,0.7
689,5,0.1
690,1,1
690,2,0.1
690,3,1
690,4,0.4
690,5,0
691,1,0.7
691,2,0.3
691,3,0.2
691,4,0.6
691,5,0.3
692,1,0.1
692,2,0.3
692,3,0.9
692,4,0.9
692,5,0.2
693,1,0.3
693,2,1
693,3,0.6
693,4,0
693,5,0.6
694,1,0.3
694,2,0.3
694,3,0.6
694,4,0.1
694,5,0.3
695,1,0.9
695,2,0.2
695,3,0.6
695,4,0.7
695,5,0.3
696,1,0.9
696,2,0.5
696,3,0.9
696,4,0.5
696,5,0.2
697,1,1
697,2,0.4
697,3,0.6
697,4,0.3
697,5,0.9
698,1,0.7
698,2,0.1
698,3,0.2
698,4,0.2
698,5,0
699,1,0.8
699,2,1
699,3,0.1
699,4,0.1
699,5,0.4
700,1,0.2
700,2,0.4
700,3,0.4
700,4,0
700,5,0
701,1,0.6
701,2,0.8
701,3,0.5
701,4,0.7
701,5,0.2
702,1,0
702,2,0.6
702,3,0.2
702,4,1
702,5,0.3
703,1,0.4
703,2,0.2
703,3,0.2
703,4,0.2
703,5,1
704,1,0.5
704,2,1
704,3,0.1
704,4,0.3
704,5,0.5
705,1,0.7
705,2,0.4
705,3,0.2
705,4,0.9
705,5,0.4
706,1,0.7
706,2,0.9
706,3,0.5
706,4,0.5
706,5,0.9
707,1,0.8
707,2,0.7
707,3,0.9
707,4,0.4
707,5,0
708,1,0.9
708,2,0.6
708,3,0.8
708,4,0.5
708,5,0.7
709,1,0.2
709,2,0.8
709,3,0.1
709,4,0
709,5,0.9
710,1,0.2
710,2,0.7
710,3,1
710,4,0.7
710,5,0.1
711,1,0.8
711,2,0.5
711,3,0
711,4,0.1
711,5,0.1
712,1,0.3
712,2,0.4
712,3,0.4
712,4,0
712,5,0
713,1,0.2
713,2,0.9
713,3,0.9
713,4,0.4
713,5,0.5
714,1,0.1
714,2,0.4
714,3,0.1
714,4,0.7
714,5,0.8
715,1,0.7
715,2,0.8
715,3,0.8
715,4,0.9
715,5,0.7
716,1,1
716,2,1
716,3,0.3
716,4,0.6
716,5,0.3
717,1,0.8
717,2,0.2
717,3,0.1
717,4,0.4
717,5,1
718,1,0.1
718,2,0.7
718,3,0.2
718,4,0
718,5,0.8
719,1,0.4
719,2,1
719,3,0
719,4,0.7
719,5,0.5
720,1,0.3
720,2,0.5
720,3,0.6
720,4,0.9
720,5,0.2
721,1,0.1
721,2,1
721,3,0.2
721,4,0.2
721,5,0
722,1,0.3
722,2,0.9
722,3,0.6
722,4,0.2
722,5,0.4
723,1,0.9
723,2,0.9
723,3,0.7
723,4,1
723,5,0.2
724,1,0.6
724,2,0.4
724,3,0.6
724,4,0.4
724,5,0.1
725,1,0.8
725,2,0.3
725,3,0.7
725,4,0.9
725,5,0.7
726,1,0.9
726,2,0.6
726,3,0.9
726,4,0.3
726,5,0.9
727,1,0.4
727,2,0
727,3,0.6
727,4,1
727,5,0.6
728,1,0.6
728,2,0.1
728,3,0
728,4,0.5
728,5,0.4
729,1,0.9
729,2,1
729,3,0.1
729,4,1
729,5,0.5
730,1,0.2
730,2,0.3
730,3,0.9
730,4,0.3
730,5,0.2
731,1,0.3
731,2,0.6
731,3,0.4
731,4,0.8
731,5,1
732,1,1
732,2,0.2
732,3,0.8
732,4,0.5
732,5,1
733,1,0.5
733,2,0.4
733,3,0.6
733,4,0.4
733,5,0.6
734,1,0.9
734,2,0
734,3,0.5
734,4,0.4
734,5,1
735,1,0.4
735,2,1
735,3,0.2
735,4,0.5
735,5,0.7
736,1,0.3
736,2,0
736,3,1
736,4,0.8
736,5,0.3
737,1,0.4
737,2,0.1
737,3,0.1
737,4,0.1
737,5,0.3
738,1,0.3
738,2,0.5
738,3,0.2
738,4,0.8
738,5,0.2
739,1,0.2
739,2,0.6
739,3,0.6
739,4,0.8
739,5,1
740,1,0.7
740,2,0.1
740,3,0.1
740,4,0.3
740,5,0.9
741,1,0.8
741,2,0.3
741,3,0.4
741,4,0.2
741,5,0.2
742,1,0.8
742,2,0.1
742,3,1
742,4,0.2
742,5,0.5
743,1,0.4
743,2,0.7
743,3,0.8
743,4,0.7
743,5,0.7
744,1,0.2
744,2,0.5
744,3,1
744,4,0.6
744,5,0
745,1,0.4
745,2,0.9
745,3,1
745,4,0.4
745,5,0.7
746,1,0.5
746,2,0.4
746,3,0
746,4,0.8
746,5,1
747,1,0.9
747,2,0.7
747,3,0.4
747,4,0
747,5,0.6
748,1,0.2
748,2,0.1
748,3,0.9
748,4,0.8
748,5,0.5
749,1,0.2
749,2,0.4
749,3,0
749,4,0.8
749,5,0.1
750,1,0.9
750,2,0.5
750,3,0
750,4,0.6
750,5,0.1
751,1,1
751,2,0.4
751,3,0.6
751,4,0
751,5,1
752,1,0.1
752,2,0.6
752,3,1
752,4,0.6
752,5,0.6
753,1,0.2
753,2,1
753,3,0.7
753,4,1
753,5,0.1
754,1,0.3
754,2,0.6
754,3,0.7
754,4,0.4
754,5,0
755,1,0.4
755,2,0
755,3,0.2
755,4,0.7
755,5,1
756,1,0.4
756,2,0.3
756,3,0.4
756,4,0.6
756,5,0.4
757,1,0
757,2,0.2
757,3,0.5
757,4,0
757,5,0.6
758,1,0.5
758,2,0.7
758,3,0.5
758,4,0.2
758,5,0.5
759,1,0.1
759,2,0.7
759,3,0.4
759,4,0.6
759,5,0.6
760,1,0.3
760,2,0.7
760,3,0.6
760,4,0.9
760,5,0.7
761,1,0.6
761,2,0
761,3,0.8
761,4,0.1
761,5,0.1
762,1,0.4
762,2,1
762,3,1
762,4,0.5
762,5,0.1
763,1,0.6
763,2,0.8
763,3,0.4
763,4,1
763,5,0.4
764,1,0.2
764,2,0.8
764,3,0.8
764,4,0.4
764,5,0.6
765,1,0.2
765,2,0.1
765,3,0.6
765,4,0.3
765,5,0.1
766,1,0
766,2,0.6
766,3,0.3
766,4,0.4
766,5,0.4
767,1,0.8
767,2,0.7
767,3,0.5
767,4,0.7
767,5,0
768,1,0.8
768,2,0.4
768,3,0.2
768,4,0.4
768,5,1
769,1,0.9
769,2,0.7
769,3,0.7
769,4,0
769,5,0.1
770,1,0.6
770,2,0.3
770,3,0.6
770,4,0.9
770,5,0.3
771,1,0.7
771,2,1
771,3,0.9
771,4,0.4
771,5,0
772,1,0.7
772,2,0.5
772,3,0.7
772,4,0
772,5,0.8
773,1,0.2
773,2,0.7
773,3,0.5
773,4,0.2
773,5,0.2
774,1,0.7
774,2,0.4
774,3,0.8
774,4,0.5
774,5,0.8
775,1,1
775,2,0.9
775,3,0.8
775,4,0.7
775,5,1
776,1,0.7
776,2,0
776,3,0.6
776,4,0.5
776,5,1
777,1,0.2
777,2,0
777,3,0.1
777,4,0.7
777,5,0.6
778,1,0.1
778,2,0.4
778,3,0.3
778,4,0.5
778,5,0
779,1,0.4
779,2,0
779,3,0.2
779,4,0
779,5,0.6
780,1,0.9
780,2,0.8
780,3,0.2
780,4,0.1
780,5,0.3
781,1,0
781,2,0.4
781,3,1
781,4,1
781,5,1
782,1,0.1
782,2,0.2
782,3,1
782,4,0.4
782,5,0.7
783,1,0.3
783,2,0.4
783,3,0.8
783,4,0.8
783,5,0.7
784,1,1
784,2,0
784,3,0.7
784,4,0.8
784,5,0.5
785,1,0.4
785,2,0.4
785,3,0.7
785,4,0
785,5,0
786,1,0.5
786,2,0.2
786,3,0.4
786,4,0.2
786,5,0.4
787,1,0.9
787,2,0.4
787,3,0.9
787,4,0
787,5,0.4
788,1,0.1
788,2,0.2
788,3,0.7
788,4,1
788,5,0.2
789,1,0.3
789,2,0.2
789,3,0.2
789,4,0.3
789,5,1
790,1,0.4
790,2,0.4
790,3,0.3
790,4,1
790,5,0.1
791,1,0.1
791,2,0.9
791,3,0.9
791,4,0.1
791,5,0.2
792,1,0.4
792,2,0.9
792,3,0.2
792,4,0.3
792,5,0.8
793,1,0.9
793,2,1
793,3,0.4
793,4,0.8
793,5,0.7
794,1,0.1
794,2,0
794,3,0
794,4,0.7
794,5,0.7
795,1,0.8
795,2,1
795,3,0.9
795,4,0.3
795,5,0.6
796,1,0.3
796,2,0.1
796,3,0
796,4,0.4
796,5,0.2
797,1,0.4
797,2,0.3
797,3,0.8
797,4,0.3
797,5,1
798,1,0.9
798,2,0
798,3,0.4
798,4,1
798,5,0.5
799,1,1
799,2,0.8
799,3,0.7
799,4,0.3
799,5,0.6
800,1,1
800,2,0.6
800,3,0.5
800,4,0.8
800,5,0.7
801,1,0.6
801,2,0.2
801,3,0
801,4,0.8
801,5,0.5
802,1,0.5
802,2,0.2
802,3,0.8
802,4,0.4
802,5,0.3
803,1,1
803,2,0.6
803,3,0.8
803,4,0.9
803,5,1
804,1,0.8
804,2,0.4
804,3,0.9
804,4,0
804,5,0.4
805,1,0.7
805,2,0.3
805,3,0.6
805,4,0.1
805,5,0.6
806,1,0.8
806,2,0.5
806,3,0.7
806,4,0.3
806,5,0.8
807,1,0.7
807,2,0
807,3,0.5
807,4,0.6
807,5,0.1
808,1,0.8
808,2,1
808,3,0.5
808,4,0.5
808,5,1
809,1,0.4
809,2,1
809,3,0
809,4,0.5
809,5,0.8
810,1,0.7
810,2,0.8
810,3,0.5
810,4,0.8
810,5,0.5
811,1,0.9
811,2,0.5
811,3,0.3
811,4,0.5
811,5,0.6
812,1,0
812,2,0.6
812,3,0.7
812,4,0.5
812,5,0.4
813,1,0.9
813,2,0.1
813,3,0.2
813,4,0.9
813,5,0.4
814,1,0.3
814,2,0
814,3,0.3
814,4,0.8
814,5,0.8
815,1,0.7
815,2,0.9
815,3,0.1
815,4,0.3
815,5,0.2
816,1,0.9
816,2,0.3
816,3,0
816,4,0.8
816,5,0.4
817,1,0.6
817,2,0.5
817,3,0.1
817,4,0.3
817,5,0.2
818,1,0.5
818,2,0.8
818,3,0.4
818,4,0.3
818,5,0.4
819,1,0.7
819,2,0.6
819,3,0.9
819,4,0.7
819,5,0
820,1,0.5
820,2,0.5
820,3,0.3
820,4,0
820,5,0.7
821,1,0.9
821,2,0.3
821,3,0.1
821,4,0.8
821,5,0.5
822,1,0.5
822,2,0.7
822,3,0.6
822,4,0.4
822,5,0.2
823,1,0
823,2,0.2
823,3,0.9
823,4,0.9
823,5,0.4
824,1,0.5
824,2,0.7
824,3,0.1
824,4,0.4
824,5,0.5
825,1,0.6
825,2,0
825,3,0
825,4,0.4
825,5,0.4
826,1,0
826,2,0.1
826,3,0.4
826,4,0
826,5,1
827,1,0.4
827,2,0.5
827,3,0.8
827,4,0
827,5,0.3
828,1,0.5
828,2,0.6
828,3,0.7
828,4,0.5
828,5,1
829,1,0.1
829,2,0.5
829,3,0.8
829,4,0.1
829,5,0.4
830,1,0.6
830,2,0.3
830,3,0.8
830,4,0.4
830,5,0.9
831,1,0.1
831,2,0.6
831,3,0.2
831,4,0.3
831,5,0.7
832,1,0.8
832,2,0.6
832,3,1
832,4,0.3
832,5,0.7
833,1,0
833,2,0.4
833,3,0.7
833,4,0.6
833,5,0
834,1,1
834,2,0.6
834,3,0
834,4,0.6
834,5,0.8
835,1,0.7
835,2,0.5
835,3,0.9
835,4,0.9
835,5,0.7
836,1,0.9
836,2,0.7
836,3,0
836,4,0.8
836,5,0.5
837,1,1
837,2,0.6
837,3,0.5
837,4,0.3
837,5,0.4
838,1,1
838,2,0.5
838,3,0
838,4,0
838,5,0.5
839,1,0.4
839,2,0.4
839,3,0.3
839,4,0.3
839,5,0.4
840,1,0.4
840,2,0.1
840,3,0.3
840,4,0.2
840,5,1
841,1,0
841,2,0.3
841,3,0.2
841,4,0.7
841,5,0.9
842,1,0.3
842,2,0.9
842,3,0.8
842,4,0.1
842,5,0.3
843,1,0.9
843,2,0.1
843,3,0
843,4,1
843,5,0.3
844,1,0
844,2,0.3
844,3,0.8
844,4,0.7
844,5,0.4
845,1,0.1
845,2,0.9
845,3,0.8
845,4,0.2
845,5,1
846,1,0.3
846,2,0
846,3,0.7
846,4,1
846,5,0.8
847,1,0.4
847,2,0.4
847,3,0.6
847,4,0.6
847,5,0.3
848,1,0.1
848,2,0.4
848,3,1
848,4,0.6
848,5,0.7
849,1,1
849,2,0.7
849,3,0.5
849,4,0.7
849,5,0.4
850,1,0.4
850,2,0.6
850,3,0.7
850,4,0.3
850,5,1
851,1,0
851,2,0.1
851,3,0.8
851,4,1
851,5,0.2
852,1,0.6
852,2,0.7
852,3,1
852,4,0.6
852,5,0.2
853,1,0.9
853,2,0
853,3,0.2
853,4,0.6
853,5,0.6
854,1,0.7
854,2,0
854,3,1
854,4,0.6
854,5,0.9
855,1,0.1
855,2,0.6
855,3,0.9
855,4,0.5
855,5,0.7
856,1,0.3
856,2,0.7
856,3,0.3
856,4,0.1
856,5,0.4
857,1,0.9
857,2,0.4
857,3,0.5
857,4,0.2
857,5,1
858,1,0.4
858,2,0.5
858,3,0.8
858,4,0.8
858,5,0.2
859,1,0.4
859,2,0.2
859,3,1
859,4,0.7
859,5,0.6
860,1,0.8
860,2,1
860,3,1
860,4,1
860,5,0.5
861,1,0.7
861,2,1
861,3,0.9
861,4,0.3
861,5,0
862,1,1
862,2,1
862,3,0.1
862,4,0.4
862,5,1
863,1,0.6
863,2,0.9
863,3,0
863,4,0.2
863,5,0.5
864,1,0
864,2,0.6
864,3,0.2
864,4,0.2
864,5,0
865,1,1
865,2,1
865,3,0.3
865,4,0.7
865,5,1
866,1,0.9
866,2,1
866,3,0.3
866,4,0.3
866,5,0.8
867,1,0.1
867,2,0.6
867,3,0.1
867,4,0.1
867,5,0.9
868,1,0.8
868,2,0
868,3,0.5
868,4,0.7
868,5,0.4
869,1,1
869,2,0
869,3,0.2
869,4,0.2
869,5,0.9
870,1,0.8
870,2,0.2
870,3,0.1
870,4,0
870,5,0.3
871,1,0.1
871,2,0.3
871,3,0.1
871,4,0.7
871,5,0.5
872,1,0.5
872,2,0.6
872,3,0
872,4,1
872,5,0.4
873,1,0
873,2,0.8
873,3,0.2
873,4,0.8
873,5,0.2
874,1,0.3
874,2,0.1
874,3,0
874,4,0.6
874,5,0.4
875,1,0.3
875,2,0.9
875,3,0.6
875,4,0.6
875,5,0.5
876,1,0.6
876,2,0.2
876,3,0.9
876,4,0.1
876,5,0.5
877,1,0
877,2,0.9
877,3,0
877,4,0.8
877,5,0.1
878,1,0.9
878,2,0.7
878,3,0.7
878,4,0.9
878,5,0
879,1,0.7
879,2,0.7
879,3,0.1
879,4,0.4
879,5,0.5
880,1,0.7
880,2,0.1
880,3,0
880,4,0.5
880,5,0.1
881,1,0.7
881,2,0.5
881,3,0.1
881,4,0.1
881,5,0.5
882,1,0.7
882,2,0.9
882,3,0.4
882,4,0.4
882,5,0.2
883,1,0.6
883,2,0.5
883,3,0.4
883,4,0.2
883,5,0.5
884,1,0.2
884,2,0.4
884,3,0.3
884,4,0
884,5,0.1
885,1,1
885,2,0.5
885,3,0.9
885,4,1
885,5,0
886,1,0.8
886,2,0.9
886,3,0.5
886,4,0.4
886,5,0.6
887,1,0
887,2,0.8
887,3,0.6
887,4,0.8
887,5,0.5
888,1,0.9
888,2,0.1
888,3,0.4
888,4,0.3
888,5,0.2
889,1,1
889,2,0.8
889,3,0.6
889,4,0.7
889,5,0
890,1,0.2
890,2,0.4
890,3,0.4
890,4,1
890,5,0.3
891,1,0.7
891,2,0.4
891,3,0.5
891,4,0.8
891,5,0.8
892,1,0.6
892,2,0.3
892,3,0.9
892,4,0.6
892,5,0
893,1,0.5
893,2,0.5
893,3,0.2
893,4,0.8
893,5,0.2
894,1,0.2
894,2,0.8
894,3,1
894,4,0
894,5,0.6
895,1,1
895,2,0.7
895,3,1
895,4,0.8
895,5,0.4
896,1,0.3
896,2,0.8
896,3,0.6
896,4,0.2
896,5,0.2
897,1,0.7
897,2,0.2
897,3,0.2
897,4,0.5
897,5,0.9
898,1,1
898,2,0.9
898,3,0.3
898,4,0.2
898,5,0.2
899,1,0.5
899,2,1
899,3,0.2
899,4,0.6
899,5,0.4
900,1,0.6
900,2,0.1
900,3,0.4
900,4,0.1
900,5,0.2
901,1,0.2
901,2,0.3
901,3,1
901,4,0.1
901,5,0.2
902,1,0.1
902,2,0.7
902,3,0.2
902,4,0.3
902,5,0.4
903,1,0.8
903,2,1
903,3,0
903,4,1
903,5,0.2
904,1,0
904,2,0.4
904,3,0.4
904,4,0.8
904,5,0.3
905,1,0.5
905,2,0.2
905,3,0.4
905,4,0
905,5,0.4
906,1,0.7
906,2,0.1
906,3,0.8
906,4,0.8
906,5,0.8
907,1,0.5
907,2,0.5
907,3,0.4
907,4,0.2
907,5,0.5
908,1,0.4
908,2,0.7
908,3,0.1
908,4,0.6
908,5,0.8
909,1,0
909,2,0.3
909,3,0.6
909,4,0.2
909,5,0.8
910,1,0.5
910,2,0.6
910,3,0.7
910,4,0.1
910,5,0.8
911,1,0.5
911,2,0.4
911,3,0
911,4,0.6
911,5,0.5
912,1,0.9
912,2,0.6
912,3,1
912,4,0.1
912,5,0.3
913,1,0.9
913,2,0.4
913,3,0.7
913,4,0.4
913,5,0.7
914,1,0.9
914,2,0.1
914,3,0.2
914,4,0.1
914,5,0.3
915,1,0.1
915,2,0.8
915,3,0.1
915,4,0.4
915,5,0.2
916,1,0.5
916,2,0.4
916,3,0.8
916,4,0.3
916,5,0.4
917,1,0.7
917,2,0.6
917,3,0.9
917,4,0.9
917,5,0.5
918,1,0.9
918,2,0.1
918,3,0.5
918,4,0.5
918,5,0.7
919,1,0.4
919,2,1
919,3,0
919,4,0.7
919,5,0.2
920,1,0.6
920,2,0.4
920,3,0.7
920,4,0.9
920,5,0.2
921,1,0.2
921,2,0.6
921,3,0.8
921,4,1
921,5,0.6
922,1,0.2
922,2,0.2
922,3,0.6
922,4,0
922,5,0
923,1,1
923,2,1
923,3,0.4
923,4,0.7
923,5,1
924,1,0.2
924,2,0.4
924,3,1
924,4,0.6
924,5,0.7
925,1,0.9
925,2,0.4
925,3,1
925,4,0.6
925,5,0
926,1,0.2
926,2,1
926,3,0.8
926,4,0.5
926,5,0.6
927,1,0.4
927,2,0.3
927,3,0.9
927,4,0
927,5,0.2
928,1,1
928,2,0
928,3,1
928,4,0.5
928,5,1
929,1,0
929,2,0.4
929,3,0.1
929,4,0.7
929,5,0.7
930,1,0.2
930,2,0.9
930,3,0.5
930,4,0.4
930,5,0.6
931,1,1
931,2,0.4
931,3,0.5
931,4,0.2
931,5,0
932,1,0.3
932,2,0.7
932,3,0
932,4,0
932,5,0.6
933,1,1
933,2,0
933,3,0.9
933,4,0.7
933,5,0.2
934,1,0.2
934,2,0.8
934,3,0.7
934,4,0.6
934,5,0.6
935,1,0
935,2,0.7
935,3,0
935,4,0.2
935,5,0.3
936,1,0.3
936,2,0.8
936,3,0
936,4,0.8
936,5,0.7
937,1,0.6
937,2,0.6
937,3,1
937,4,0.8
937,5,0
938,1,0.3
938,2,0
938,3,0.2
938,4,0.1
938,5,0.1
939,1,0.3
939,2,0.5
939,3,0.6
939,4,1
939,5,0.9
940,1,1
940,2,0.4
940,3,0
940,4,0.1
940,5,1
941,1,0.4
941,2,0.1
941,3,0.6
941,4,0.9
941,5,0.7
942,1,0.8
942,2,0.8
942,3,0.8
942,4,1
942,5,0.8
943,1,0.8
943,2,0.2
943,3,0.2
943,4,0.7
943,5,0.8
944,1,0.9
944,2,0.4
944,3,0.3
944,4,0.7
944,5,1
945,1,0.2
945,2,0.7
945,3,0.3
945,4,0.7
945,5,0.4
946,1,0.1
946,2,0.3
946,3,0
946,4,0.5
946,5,0.7
947,1,0.5
947,2,0.7
947,3,0.2
947,4,0.5
947,5,0.4
948,1,0
948,2,0.2
948,3,1
948,4,1
948,5,0.9
949,1,0.3
949,2,0.4
949,3,0.9
949,4,1
949,5,0
950,1,0
950,2,0.1
950,3,0.8
950,4,0.4
950,5,0.6
951,1,0.5
951,2,0
951,3,0
951,4,1
951,5,0.4
952,1,0.1
952,2,1
952,3,0.1
952,4,0.6
952,5,0.7
953,1,0.2
953,2,0
953,3,0.4
953,4,0.4
953,5,0.8
954,1,1
954,2,0.7
954,3,0.9
954,4,0.6
954,5,0.5
955,1,0
955,2,0.1
955,3,0.5
955,4,0.6
955,5,0
956,1,0.3
956,2,0.7
956,3,0.7
956,4,0.7
956,5,1
957,1,0.4
957,2,1
957,3,0.9
957,4,0.7
957,5,0.5
958,1,0.9
958,2,0.5
958,3,0
958,4,0.6
958,5,0.5
959,1,0.2
959,2,0.4
959,3,0.8
959,4,0.8
959,5,0
960,1,0.6
960,2,0.1
960,3,0.5
960,4,0.2
960,5,0.1
961,1,0.3
961,2,0.1
961,3,0.7
961,4,0.1
961,5,0.9
962,1,0.3
962,2,0.1
962,3,0.3
962,4,0.7
962,5,0.5
963,1,0.5
963,2,0.6
963,3,0.1
963,4,0.9
963,5,0.7
964,1,0
964,2,0.8
964,3,0
964,4,0.5
964,5,0.7
965,1,0.5
965,2,1
965,3,0.8
965,4,0.2
965,5,0.1
966,1,0.6
966,2,1
966,3,0.3
966,4,0.5
966,5,1
967,1,0.4
967,2,0
967,3,1
967,4,0.1
967,5,0.7
968,1,0.5
968,2,0.7
968,3,0.4
968,4,0.6
968,5,0.2
969,1,0
969,2,0.8
969,3,0.1
969,4,0.8
969,5,0.8
970,1,0.7
970,2,0.7
970,3,0.9
970,4,0.5
970,5,0.5
971,1,0.5
971,2,0.1
971,3,0.3
971,4,0.4
971,5,0.8
972,1,0.9
972,2,1
972,3,0.8
972,4,0.2
972,5,0.3
973,1,0.3
973,2,0.8
973,3,0.3
973,4,0.6
973,5,0.5
974,1,1
974,2,0.6
974,3,0.2
974,4,0.7
974,5,0.7
975,1,0.8
975,2,1
975,3,0.5
975,4,0.8
975,5,1
976,1,0.9
976,2,0.1
976,3,0
976,4,1
976,5,0.2
977,1,0.2
977,2,0.2
977,3,0.8
977,4,0
977,5,0.4
978,1,0.5
978,2,0.4
978,3,0.7
978,4,0.1
978,5,0.4
979,1,0.5
979,2,0.6
979,3,0.1
979,4,0.6
979,5,0.5
980,1,0.1
980,2,1
980,3,0.6
980,4,0.4
980,5,0.7
981,1,0.4
981,2,1
981,3,0.8
981,4,0.9
981,5,0.5
982,1,0.4
982,2,0.2
982,3,0.3
982,4,0.9
982,5,1
983,1,0.8
983,2,0.6
983,3,0.8
983,4,0.5
983,5,0.5
984,1,0.3
984,2,0.9
984,3,0.8
984,4,0.2
984,5,0.4
985,1,0.1
985,2,0
985,3,0.9
985,4,0.5
985,5,0.7
986,1,0.3
986,2,0.4
986,3,0.9
986,4,0.5
986,5,0.5
987,1,1
987,2,0.6
987,3,0.7
987,4,0.4
987,5,0.2
988,1,0.6
988,2,0.7
988,3,0.3
988,4,0.5
988,5,0.8
989,1,0.8
989,2,0.8
989,3,0.4
989,4,0.2
989,5,1
990,1,0.8
990,2,0.3
990,3,0
990,4,0
990,5,0.2
991,1,0.6
991,2,0.7
991,3,0.4
991,4,0.2
991,5,0.2
992,1,0.2
992,2,0.1
992,3,0.7
992,4,0.2
992,5,0.8
993,1,0.9
993,2,0.2
993,3,0.6
993,4,0.3
993,5,0.9
994,1,0.6
994,2,0.8
994,3,0
994,4,0.2
994,5,0.7
995,1,0.9
995,2,0.3
995,3,0.9
995,4,0.6
995,5,1
996,1,0.1
996,2,0.1
996,3,0.4
996,4,0
996,5,0.1
997,1,0.8
997,2,0.8
997,3,0.1
997,4,0.7
997,5,0.6
998,1,0.5
998,2,1
998,3,0.1
998,4,0
998,5,0.7
999,1,0
999,2,1
999,3,0
999,4,0.3
999,5,0.1
1000,1,0.1
1000,2,0.8
1000,3,1
1000,4,0.9
1000,5,1
